disab_pens_1_no_6_13_6_13, unem_bn_yng_1_no_6_13_6_13, unem_bn_yng_3_percent_6_13_6_13, hlth_card_1_no_6_13_6_13, pens_cd_hlr_1_no_6_13_6_13, area_code, child_welfm_3_percent_6_13_6_13, hlth_card_3_percent_6_13_6_13, welf_dep_fm_3_percent_6_13_6_13, age_pens_1_no_6_13_6_13, welf_dep_fm_2_denom_6_13_6_13, unem_ben_lg_3_percent_6_13_6_13, snr_cd_hldr_1_no_6_13_6_13, disab_pens_3_percent_6_13_6_13, unemply_ben_3_percent_6_13_6_13, snr_cd_hldr_3_percent_6_13_6_13, welf_dep_fm_1_no_6_13_6_13, unem_ben_lg_1_no_6_13_6_13, area_name, unemply_ben_1_no_6_13_6_13, pens_cd_hlr_3_percent_6_13_6_13, age_pens_3_percent_6_13_6_13, child_welfm_1_no_6_13_6_13, age_pens_2_denom_6_13_6_13
186.648566703418,14.8632855567806,2.87026361754661,320.13230429989,1031.56918412348,208031187,15.9355951654079,6.96950840074673,7.35294117647059,710.579382579934,1379.99889746417,3.2605202741216,50.8781697905182,5.19297497317416,4.48520349903557,5.65079365079365,101.470507166483,117.191289966924,"Chelsea Heights",161.209481808159,22.7224076056161,78.9206349206349,159.208654906284,900.37210584344
192.0,null,null,511.0,1715.0,212041313,29.190860354968,5.93082636954503,10.8228064185729,1382.0,2929.0,1.76221966166325,222.0,2.89184764990892,2.40987304159076,11.3149847094801,317.0,117.0,"Dingley Village",160.0,19.5753909371076,70.4383282364934,577.0,1962.0
560.729564079609,31.984574065147,3.0022046276228,611.704978995937,1953.05805385304,206051130,14.4581687554032,4.2326578601563,5.28262017960909,1146.44707664761,3784.17491908271,2.24931078575461,275.866951311893,4.55546336031891,2.89893122929385,12.9760225669958,199.903587907169,276.866469251429,"Port Melbourne",356.827904414297,13.4526678141136,53.9257169722614,309.850561256112,2125.97465739274
107.325490014793,null,null,299.701368343195,632.207886464497,206061135,5.01845059705028,3.99978379547052,1.86219739292365,476.282174556213,2174.85992973373,1.38602107362763,250.696144600592,1.70835155586662,1.86951679698611,12.7707860532288,40.5001849112426,87.0753975591716,"Armadale",117.450536242604,7.59610705596107,24.2624303693006,60.7502773668639,1963.04396264793
361.0,65.0,3.936871776738,1032.0,1501.0,213011339,19.7755984160576,9.05024993422783,10.0834724540902,712.0,2995.0,3.93873015396537,39.0,4.2192331916365,5.11918043749802,4.49308755760369,302.0,337.0,"Sydenham",438.0,15.599667428809,82.0276497695853,563.0,868.0
418.0,73.0,2.35066973607213,1389.0,2254.0,213011340,18.4100308455531,8.19614090989556,6.69759935444826,1375.0,4957.0,2.69999670573767,127.0,3.10054566757787,3.61977580329666,7.14285714285714,332.0,364.0,"Taylors Lakes",488.0,14.4802775279455,77.3340832395951,638.0,1778.0
446.0,39.0,3.57150045285297,682.0,2595.0,213021341,14.4947200755118,6.68103448275862,5.32170775706554,1891.0,3326.0,3.39503304523972,204.0,5.46637089594554,4.58390743292294,8.21917808219178,177.0,277.0,"Altona",374.0,24.1305560721592,76.1885576148268,297.0,2482.0
744.0,99.0,3.89596232936189,1647.0,3332.0,213021342,29.5282437320109,9.64172813487882,10.8623710336772,1844.0,5137.0,4.53379022940626,80.0,5.44054827528751,5.72573830584694,3.46470333477696,558.0,620.0,"Altona Meadows",783.0,20.5755217981969,79.8614118666089,1006.0,2309.0
775.257898274703,76.5057136455299,2.26989336335876,2048.16724816747,3283.1880541596,206011105,12.2009666162162,8.9218268956105,4.22496190608117,2091.88479882206,5259.94996959124,3.33567293160934,133.338529496495,3.88310284379906,4.39768696125739,5.17533936651584,222.230882494158,665.964021638232,"Brunswick",877.994142312986,14.4957374939682,81.1934389140272,365.041547965814,2576.42098524375
288.742101725297,28.4942863544701,2.26989336335876,762.832751832528,1222.8119458404,206011106,12.2009666162162,8.9218268956105,4.22496190608117,779.115201177939,1959.05003040876,3.33567293160934,49.661470503505,3.88310284379906,4.39768696125739,5.17533936651584,82.7691175058417,248.035978361768,"Brunswick East",327.005857687014,14.4957374939682,81.1934389140272,135.958452034186,959.57901475625
470.0,44.0,3.10409242060916,1066.0,1542.0,206031115,31.6479090421394,12.0356779948064,12.7151051625239,669.0,2092.0,6.15129094392189,48.0,6.54096548335585,7.45948404059306,5.09013785790032,266.0,442.0,"Flemington",536.0,18.8094657233472,70.9437963944857,529.0,943.0
64.6793169990059,8.46587918835156,0.54101096928511,232.980995263435,189.635693819075,206041118,8.91306288087207,3.13797035347776,2.27861211807354,92.447400736799,1307.80901701655,1.00746012627883,60.9543301561312,0.925119635188734,1.48697239792116,15.7205240174673,29.7998947429975,70.436114847085,"Docklands",103.960996432957,2.56222547584187,23.8427947598253,38.6044090988831,387.737266826501
48.5866275337063,null,null,142.610749335045,246.98202329634,206041119,8.87202956300462,3.17698937662858,2.41666666666667,187.148491240943,1079.70283408236,1.1626356490813,101.672016876089,1.19585381048363,1.5944717473115,11.7647058823529,26.0928184903238,47.2369989911034,"East Melbourne",64.7821700449418,4.98592316774135,21.6553878188444,37.7895991928827,864.212143446758
2.67537770518579,null,null,5.76480195998367,8.94181298489179,206041120,40.0713302182795,7.31682668014149,12.6465661641541,4.88893425888118,19.0142915475704,3.14678320105201,0.414046549612087,4.02022492605884,3.85271555413972,6.54911838790932,2.40465496120866,2.09412004899959,"Flemington Racecourse",2.56390363413638,12.1932681867535,77.3299748110831,4.90485912617395,6.32217231523071
470.179234413007,52.8242222506721,3.55318803186006,1166.93509153758,1748.43810011522,213031351,23.9070221282516,11.2462133961629,10.2251753414544,951.709128152605,2365.3027781334,5.91118877254267,38.417616182307,5.40896372814652,7.3676414012915,3.33965844402277,241.856356420433,513.835616438356,"West Footscray - Tottenham",640.439124311868,17.6183353862397,82.7324478178368,402.511842273717,1150.34566636794
594.0,138.0,6.47268093240588,1468.0,2299.0,213041358,33.4491000074688,9.94243142566881,17.9279749478079,874.0,3832.0,4.92397782239263,45.0,5.5394750501917,6.43474374517218,3.98936170212766,687.0,528.0,"Melton West",690.0,18.979608684884,77.4822695035461,1352.0,1128.0
160.806155462766,30.8818405552637,7.93292609376238,293.524541658601,587.931421618782,213041359,38.8790150007425,10.7505453370318,19.3857157883665,248.892929237065,699.032519425932,6.15876471399318,9.55866493377209,7.81730611114514,7.86377386580673,3.04449648711944,135.512457484169,126.689074468379,"Rockbank - Mount Cottrell",161.762021956143,24.4227244960293,79.2740046838407,261.760362801759,313.965378978514
59.4133724662937,null,null,174.389250664955,302.01797670366,206041125,8.87202956300462,3.17698937662858,2.41666666666667,228.851508759057,1320.29716591764,1.1626356490813,124.327983123911,1.19585381048363,1.5944717473115,11.7647058823529,31.9071815096762,57.7630010088966,"South Yarra - West",79.2178299550582,4.98592316774135,21.6553878188444,46.2104008071173,1056.78785655324
530.307319045693,33.72210644188,1.36991513671698,995.889949920682,2098.38526859311,206061136,12.589278189437,5.49750795652435,3.95240118997025,1315.70605617593,3839.42498989082,2.19220478854515,201.788733708669,3.25327194647111,3.03638715003971,8.65003497318722,151.74947898846,357.345547295406,"Prahran - Windsor",494.953497775981,11.2177250523378,56.4000932618326,228.440075896606,2332.80829885844
323.174508981843,49.8726094107782,2.60301413511102,1182.97829522366,1445.30822072435,213041360,16.1830077113362,7.29666543620032,10.0722834459059,688.242009868739,4208.74950817557,2.68998572909217,39.3993614345148,2.8575586105766,3.62486601526846,4.82001220256254,423.917179991615,304.222917405747,"Taylors Hill",409.952849356597,11.6465056464253,84.1976815131177,793.473215725481,817.412068242655
398.681678092962,29.697716837537,3.839457122649,707.049751556702,1111.42688219385,206071141,56.4566429180771,10.538442881397,19.6084247997627,414.140763570036,1371.38360903201,5.78713809006595,46.7840744700925,6.85779362547113,7.25666529552405,7.21455457967378,268.906723693314,336.438518145795,"Collingwood",421.870306308573,17.1038627684217,63.8644918444166,505.674822315869,648.467953959369
581.318321907038,43.302283162463,3.839457122649,1030.9502484433,1620.57311780615,206071142,56.4566429180771,10.538442881397,19.6084247997627,603.859236429964,1999.61639096799,5.78713809006595,68.2159255299076,6.85779362547113,7.25666529552405,7.21455457967378,392.093276306686,490.561481854205,"Fitzroy",615.129693691427,17.1038627684217,63.8644918444166,737.325177684131,945.532046040632
528.275478092472,82.3728516097797,2.7449622131253,1543.29962478819,2795.2308157831,214011374,19.079284320206,7.02031462901028,9.27471116816431,1714.85300169451,6363.81336238199,2.6444417226166,151.130355846042,3.21643695415435,3.57704264360207,6.59928656361474,590.225308641975,434.329581215202,"Langwarrin",587.502239167272,14.6705731027583,74.8810939357907,1060.635560397,2290.10142822561
200.483351059478,11.768414737244,0.642851340438124,476.620796858382,1429.86239057515,208011170,5.28831140879573,3.55252028445224,2.53760360175995,1158.34825056587,4107.59704382448,1.12660388368557,526.636559491669,1.98298912368273,1.46749509572327,16.6070245195494,104.234530529875,113.901442635469,"Brighton East",148.36608579454,10.6077141342646,36.5275016567263,174.845018953339,3171.16747116093
417.958114721573,38.8393809796746,2.29114790571441,947.217142101318,2057.90749966933,206011107,13.5218440672132,7.7573110520319,5.44109878499736,1381.40663991887,3292.07230721749,3.30368669702925,123.47444998016,4.23835962376884,4.4029561140123,6.76405208002541,179.124906309246,325.787046426524,"Brunswick West",434.189497817557,17.449004669452,75.6748174023499,317.671354878533,1825.45090604471
297.0,24.0,2.21047002198586,484.0,1604.0,208011171,11.0759449156715,5.24547523572125,5.55555555555556,1158.0,2754.0,2.36524522438194,126.0,4.28340141244778,3.30268997794795,7.54039497307002,153.0,164.0,"Cheltenham - Highett (West)",229.0,18.4008259722382,69.2998204667864,254.0,1671.0
1046.0,101.0,3.0445654602739,2149.0,4682.0,206011108,15.8120838525589,9.11056469391216,6.92599620493359,2968.0,6324.0,3.72577721212505,172.0,5.53574284642443,4.86891340220887,5.05139500734214,438.0,704.0,"Coburg",920.0,20.789485369211,87.1659324522761,742.0,3405.0
303.041885278427,28.1606190203254,2.29114790571441,686.782857898682,1492.09250033067,206011109,13.5218440672132,7.7573110520319,5.44109878499736,1001.59336008113,2386.92769278251,3.30368669702925,89.5255500198404,4.23835962376884,4.4029561140123,6.76405208002541,129.875093690754,236.212953573476,"Pascoe Vale South",314.810502182443,17.449004669452,75.6748174023499,230.328645121467,1323.54909395529
250.178158334404,14.2356380927901,1.66813914066716,551.76278755944,1178.13086364221,206021110,8.34790772995078,7.06784182622497,4.02217352069099,800.886454183267,2044.92304973654,2.88891855736788,81.4594846420768,3.98486004497401,3.86728777810439,7.57724374693477,82.2503534250096,181.372574219252,"Alphington - Fairfield",242.796716360365,15.8818721347596,74.4973025993134,127.593496979823,1075.0542989333
478.0,94.0,4.28706946876824,1474.0,1889.0,212031302,22.6457212962023,9.43722389397529,12.699203187251,826.0,4016.0,4.00615458793332,29.0,4.23659710847816,5.19381988612594,2.76190476190476,510.0,452.0,"Cranbourne North",586.0,14.9992059710973,78.6666666666667,982.0,1050.0
698.821841665596,39.7643619072099,1.66813914066716,1541.23721244056,3290.86913635779,206021111,8.34790772995078,7.06784182622497,4.02217352069099,2237.11354581673,5712.07695026346,2.88891855736788,227.540515357923,3.98486004497401,3.86728777810439,7.57724374693477,229.74964657499,506.627425780748,"Northcote",678.203283639635,15.8818721347596,74.4973025993134,356.406503020177,3002.9457010667
571.0,null,null,667.0,2303.0,208011172,9.88059033400476,4.35976207595268,5.21836506159014,1477.0,4465.0,1.80510795253442,386.0,5.05253255341741,2.32717348782623,13.8054363376252,233.0,204.0,"Hampton",263.0,16.064453125,52.8254649499285,395.0,2796.0
683.0,49.0,2.734375,1345.0,2970.0,206021112,14.055829228243,8.14707129444546,6.28465804066543,1894.0,4328.0,3.70617944147356,136.0,5.07278669043375,4.69399881164587,5.80204778156997,272.0,499.0,"Thornbury",632.0,18.6710253347583,80.80204778157,428.0,2344.0
126.320683000994,16.5341208116484,0.54101096928511,455.019004736565,370.364306180925,206041126,8.91306288087207,3.13797035347776,2.27861211807354,180.552599263201,2554.19098298345,1.00746012627883,119.045669843869,0.925119635188734,1.48697239792116,15.7205240174673,58.2001052570025,137.563885152915,"Southbank",203.039003567043,2.56222547584187,23.8427947598253,75.3955909011169,757.262733173499
526.0,44.0,2.66099964493313,1222.0,2039.0,206031113,17.3409184419642,9.38988781312433,8.26326471440997,1098.0,3449.0,4.90372231590915,135.0,5.12794818721315,5.80062580112514,8.82930019620667,285.0,503.0,"Ascot Vale",595.0,17.1416561580496,71.8116415958143,478.0,1529.0
0.0,0.0,0.54101096928511,0.0,0.0,206041127,8.91306288087207,3.13797035347776,2.27861211807354,0.0,0.0,1.00746012627883,0.0,0.925119635188734,1.48697239792116,15.7205240174673,0.0,0.0,"West Melbourne",0.0,2.56222547584187,23.8427947598253,0.0,0.0
494.68388478312,42.6786096675633,1.29929344438758,1250.61259237981,3162.74363460685,206031114,7.37980087519404,5.48077195567773,3.40991787088055,2393.88201498969,6220.08403624683,1.91515753124664,386.694069412164,2.72322585762766,2.54167746711915,10.565371024735,212.099757135769,347.895333350743,"Essendon - Aberfeldie",461.704959130912,14.2894706088582,65.4063604240283,343.368814143577,3660.01410179406
270.31611521688,23.3213903324367,1.29929344438758,683.387407620192,1728.25636539315,206031116,7.37980087519404,5.48077195567773,3.40991787088055,1308.11798501032,3398.91596375317,1.91515753124664,211.305930587836,2.72322585762766,2.54167746711915,10.565371024735,115.900242864231,190.104666649257,"Moonee Ponds",252.295040869088,14.2894706088582,65.4063604240283,187.631185856423,1999.98589820594
422.0,26.0,0.408141750538324,1257.0,1158.0,206041117,41.6575129590783,8.14488433875462,11.444921316166,477.0,2097.0,2.69846056848414,104.0,2.96549572890705,3.31685778209509,11.7913832199546,240.0,384.0,"Carlton",472.0,7.63399037510713,54.0816326530612,501.0,882.0
333.324622294814,null,null,718.235198040016,1114.05818701511,206041121,40.0713302182795,7.31682668014149,12.6465661641541,609.111065741119,2368.98570845243,3.14678320105201,51.5859534503879,4.02022492605884,3.85271555413972,6.54911838790932,299.595345038791,260.905879951,"Kensington",319.436096365864,12.1932681867535,77.3299748110831,611.095140873826,787.677827684769
254.0,48.0,0.461793368846764,767.0,590.0,206041122,13.6259366875669,2.68707959641256,2.71530444322545,256.0,3646.0,1.00089720791047,55.0,0.921115546410363,1.35628824550187,7.0694087403599,99.0,276.0,"Melbourne",374.0,2.07746478873239,32.9048843187661,132.0,778.0
170.275766638397,30.2779092085881,3.37719581136851,489.54282908539,1081.91063696826,212031303,20.514482872905,6.78945617828039,11.2846668791839,727.569164843994,1880.82774628398,2.68557022773721,70.7483819131366,3.22495536861466,3.70756312624186,7.13422007255139,212.24514573941,141.796545105566,"Cranbourne South",195.757175378298,16.9683577037002,73.3675937122128,396.011069945989,991.676471901085
693.0,52.0,1.38408603317908,1751.0,1839.0,206041123,39.7448323836648,10.3781412991939,11.9814138732161,780.0,3013.0,4.02840673449517,97.0,4.59915299341871,4.93098221372309,7.82889426957224,361.0,607.0,"North Melbourne",743.0,11.2147822905232,62.953995157385,717.0,1239.0
115.0,null,null,779.0,388.0,206041124,16.8098750242395,12.4819740426214,5.35714285714286,237.0,840.0,1.20057758279529,91.0,1.9723774574494,1.81801748251858,11.6071428571429,45.0,70.0,"Parkville",106.0,5.85218702865762,30.2295918367347,69.0,784.0
218.0,null,null,433.0,1281.0,206051128,5.6161817205647,3.3174992338339,2.15111589136865,983.0,3719.0,1.20407669655636,372.0,2.00373068587241,1.71879650577129,16.2374508948058,80.0,131.0,"Albert Park",187.0,9.66646543917899,42.9070274989088,122.0,2291.0
306.0,null,null,690.0,1096.0,206051129,8.93380444429559,4.60798717777481,4.25342058298632,627.0,3362.0,2.14021155004147,178.0,2.39016326391493,2.94474362907166,15.878679750223,143.0,274.0,"Elwood",377.0,7.81684615933243,55.9322033898305,194.0,1121.0
0.270435920391158,0.0154259348529716,3.0022046276228,0.295021004063081,0.941946146959576,206051131,14.4581687554032,4.2326578601563,5.28262017960909,0.552923352386199,1.8250809172922,2.24931078575461,0.13304868810688,4.55546336031891,2.89893122929385,12.9760225669958,0.0964120928310722,0.133530748571035,"Port Melbourne Industrial",0.172095585703464,13.4526678141136,53.9257169722614,0.149438743888162,1.02534260725845
551.0,25.0,2.21770416652892,512.0,1539.0,206051132,18.858593089087,5.04185130477597,7.08661417322835,804.0,2413.0,2.80857275089893,129.0,6.31642279896045,3.41614155007298,8.3495145631068,171.0,245.0,"South Melbourne",298.0,14.8997966889341,52.0388349514563,270.0,1545.0
1065.64207114666,50.0993230351028,1.85965241389936,1452.88036801798,2717.15151990381,206051133,17.4523036678082,6.27434011250541,4.83627204030227,1307.29762931598,4679.86617527902,3.09038631015317,180.35756292637,5.11200224039976,4.16198412492724,8.73038516405135,226.331059358582,644.218353851381,"St Kilda",867.602394207899,11.8047731230155,63.2810271041369,403.152199482475,2065.86032044748
742.357928853342,34.9006769648971,1.85965241389936,1012.11963198202,1892.84848009619,206051134,17.4523036678082,6.27434011250541,4.83627204030227,910.702370684022,3260.13382472098,3.09038631015317,125.64243707363,5.11200224039976,4.16198412492724,8.73038516405135,157.668940641418,448.781646148619,"St Kilda East",604.397605792101,11.8047731230155,63.2810271041369,280.847800517525,1439.13967955252
444.692680954307,28.27789355812,1.36991513671698,835.110050079318,1759.61473140689,206061137,12.589278189437,5.49750795652435,3.95240118997025,1103.29394382407,3219.57501010918,2.19220478854515,169.211266291331,3.25327194647111,3.03638715003971,8.65003497318722,127.25052101154,299.654452704594,"South Yarra - East",415.046502224019,11.2177250523378,56.4000932618326,191.559924103394,1956.19170114156
157.674509985207,null,null,440.298631656805,928.792113535503,206061138,5.01845059705028,3.99978379547052,1.86219739292365,699.717825443787,3195.14007026627,1.38602107362763,368.303855399408,1.70835155586662,1.86951679698611,12.7707860532288,59.4998150887574,127.924602440828,"Toorak",172.549463757396,7.59610705596107,24.2624303693006,89.2497226331361,2883.95603735207
196.415458937198,9.4068706387547,1.40456913165628,322.467525496511,586.988727858293,206071139,9.65920169527691,6.15528262587086,3.96563119629874,323.972624798712,1138.60762211487,2.35641284881966,63.2141706924316,4.37739326364363,3.07759258191037,11.5068493150685,45.1529790660225,105.733225979603,"Abbotsford",138.092860976919,11.5675515349251,58.972602739726,72.6210413311863,549.361245303274
243.395214730133,15.1072891901462,1.35450015179145,626.532854469118,967.286155091305,206071140,11.5390566300743,7.95587765107109,4.2288003561095,600.93439223026,1885.47362031463,2.71115757078541,136.804896555213,3.61487676104721,3.67096967630484,12.6258714175058,79.732915170216,182.5464110476,"Carlton North - Princes Hill",247.17203702767,12.2966124299813,55.4608830364059,131.769133491831,1083.52835247104
336.604785269867,20.8927108098538,1.35450015179145,866.467145530882,1337.7138449087,206071143,11.5390566300743,7.95587765107109,4.2288003561095,831.06560776974,2607.52637968537,2.71115757078541,189.195103444787,3.61487676104721,3.67096967630484,12.6258714175058,110.267084829784,252.4535889524,"Fitzroy North",341.82796297233,12.2966124299813,55.4608830364059,182.230866508169,1498.47164752896
906.0,60.0,1.96306172193231,1808.0,3494.0,206071144,25.6303106282212,6.79341699857218,8.00584605391361,1981.0,6158.0,3.10903651941865,196.0,3.87453519476382,3.96434230192722,6.64857530529172,493.0,727.0,"Richmond (Vic.)",927.0,13.2048374905518,67.1981004070556,828.0,2948.0
325.584541062802,15.5931293612453,1.40456913165628,534.532474503489,973.011272141707,206071145,9.65920169527691,6.15528262587086,3.96563119629874,537.027375201288,1887.39237788513,2.35641284881966,104.785829307568,4.37739326364363,3.07759258191037,11.5068493150685,74.8470209339775,175.266774020397,"Yarra - North",228.907139023081,11.5675515349251,58.972602739726,120.378958668814,910.638754696726
185.563286329477,15.3539362211151,0.599639017577083,784.805482845,1512.58205972586,207011147,7.16948769631827,5.78178527567707,3.41728498275682,1229.63094936531,4197.76616285288,1.42025073479943,543.529342227476,1.76177730445795,1.91588075662094,18.266253869969,143.449632694419,149.591207182865,"Balwyn",201.794590334656,10.9794930582091,41.3238979802447,218.025894339835,2975.59283965212
220.0,null,null,378.0,952.0,207011146,12.1189471998292,5.3738982087006,7.17192268565615,611.0,1966.0,2.13141118797109,157.0,4.26282237594218,2.77083454436242,13.9184397163121,141.0,110.0,"Ashburton (Vic.)",143.0,14.8494774606146,54.1666666666667,227.0,1128.0
223.712110161333,11.8785191236106,0.484165259723718,646.587390961869,979.977827697873,207011152,4.37012834475136,4.86576681266947,2.02362996480644,681.826997695248,3150.18327158153,1.18220750392097,275.185693030312,1.9998420350759,1.63172951888494,16.3953762679877,63.7480526300435,132.247512909531,"Hawthorn East",182.533243866149,7.53332927497413,40.622788393489,91.8605478892552,1678.43475216618
427.66380088984,null,null,912.928076807279,2029.43043521895,207011153,4.74876577905632,4.33560668515326,2.43124750896772,1460.52711337102,5939.16130866758,1.17376515101073,692.783795537417,2.58610045466591,1.56024879829475,17.1050068186246,144.395711370555,194.105710366976,"Kew",258.018566219516,9.71262414561384,36.0607831677382,214.620948048038,4050.1813468036
237.436713670523,19.6460637788849,0.599639017577083,1004.194517155,1935.41794027414,207011148,7.16948769631827,5.78178527567707,3.41728498275682,1573.36905063469,5371.23383714712,1.42025073479943,695.470657772524,1.76177730445795,1.91588075662094,18.266253869969,183.550367305581,191.408792817135,"Balwyn North",258.205409665344,10.9794930582091,41.3238979802447,278.974105660165,3807.40716034788
227.937922591057,null,null,764.623055733326,1768.88744817608,207011149,4.41943656138114,4.317588192718,2.26143928986579,1457.91101588803,5273.78132390996,0.939376699086628,656.505801496981,1.67775139705865,1.32087029303884,18.8269138564807,119.263362920504,127.622944433624,"Camberwell",179.452349814964,10.1841750625682,41.8091737254275,182.238876986004,3487.06010183923
181.062077408943,null,null,607.376944266674,1405.11255182392,207011155,4.41943656138114,4.317588192718,2.26143928986579,1158.08898411197,4189.21867609004,0.939376699086628,521.494198503019,1.67775139705865,1.32087029303884,18.8269138564807,94.7366370794958,101.377055566376,"Surrey Hills (West) - Canterbury",142.547650185036,10.1841750625682,41.8091737254275,144.761123013996,2769.93989816077
146.0,null,null,562.0,1119.0,207011150,3.68027540536533,3.83173109702052,2.04413472706156,928.0,4305.0,0.881914690409622,510.0,1.32741798762685,1.25468275542812,21.7391304347826,88.0,97.0,"Glen Iris - East",138.0,8.25099542840289,39.5566922421142,135.0,2346.0
341.287889838667,18.1214808763894,0.484165259723718,986.41260903813,1495.02217230213,207011151,4.37012834475136,4.86576681266947,2.02362996480644,1040.17300230475,4805.81672841847,1.18220750392097,419.814306969688,1.9998420350759,1.63172951888494,16.3953762679877,97.2519473699565,201.752487090469,"Hawthorn",278.466756133851,7.53332927497413,40.622788393489,140.139452110745,2560.56524783382
247.650733910425,16.3613097478359,1.26604270950954,728.078283778698,2138.1257056831,207021156,13.6586493283527,8.24455766558592,4.78189876370422,1709.75686864885,3188.22431313511,2.70250430170075,438.036883703425,3.50168845317646,3.50168845317646,15.8482443158886,152.457659013925,191.129845690629,"Bulleen",247.650733910425,21.5138249710031,61.8592762007265,240.213774934136,2763.94580353782
418.349266089575,27.6386902521641,1.26604270950954,1229.9217162213,3611.8742943169,207021157,13.6586493283527,8.24455766558592,4.78189876370422,2888.24313135115,5385.77568686489,2.70250430170075,739.963116296575,3.50168845317646,3.50168845317646,15.8482443158886,257.542340986075,322.870154309371,"Doncaster",418.349266089575,21.5138249710031,61.8592762007265,405.786225065864,4669.05419646218
494.0,45.0,1.26197954441987,1877.0,4449.0,207021158,14.793710307847,8.08703145196036,5.53699897225077,3574.0,7784.0,2.46323855972127,813.0,2.69212355863343,3.12264534230153,14.9778924097273,431.0,452.0,"Doncaster East",573.0,18.4193094311501,65.8437730287399,719.0,5428.0
276.997165418101,22.8049875143416,1.15723675746009,928.886076803671,2510.21728420058,207021159,11.5226198923188,6.80771269006563,4.41506315665211,2044.10558817574,4711.73290814605,1.82700979683603,640.208308024566,2.57020022266764,2.46697933019103,17.2460293676955,208.025983667409,196.901599514072,"Templestowe",265.872781264763,17.0778778475744,55.0644291279592,330.39420935412,3712.20699196868
114.33619911016,null,null,244.071923192721,542.569564781052,207011154,4.74876577905632,4.33560668515326,2.43124750896772,390.472886628977,1587.83869133242,1.17376515101073,185.216204462583,2.58610045466591,1.56024879829475,17.1050068186246,38.604288629445,51.8942896330245,"Kew East",68.9814337804837,9.71262414561384,36.0607831677382,57.379051951962,1082.8186531964
435.506540963239,77.9630198055982,5.93689868418228,940.668566834759,1614.53745523642,212031304,24.284420109828,10.3508895295689,13.1955922865014,711.891836585544,2319.71935978952,5.28842030019339,22.6859606811372,6.53501076080108,6.99049573679235,2.64136904761905,306.100708908865,352.431191990061,"Cranbourne West",465.860995395747,21.0901957510748,82.8869047619048,588.556895417672,858.871300153475
221.002834581899,18.1950124856584,1.15723675746009,741.113923196328,2002.78271579942,207021160,11.5226198923188,6.80771269006563,4.41506315665211,1630.89441182426,3759.26709185395,1.82700979683603,510.791691975434,2.57020022266764,2.46697933019103,17.2460293676955,165.974016332591,157.098400485928,"Templestowe Lower",212.127218735237,17.0778778475744,55.0644291279592,263.60579064588,2961.79300803131
447.847995527346,28.6831321735127,1.22951389470872,1177.96408721676,3287.4780807051,207031161,10.2152558748364,6.91674641148325,4.83751846381093,2591.91212549742,5295.94922221857,2.2093997538479,463.493340349262,3.45753446672781,2.90895912921204,11.6271463614064,256.192521458875,286.179432367547,"Blackburn",376.792054461144,19.1414256433614,65.0204415372036,416.557305883514,3986.30348275068
239.152004472654,15.3168678264873,1.22951389470872,629.035912783241,1755.5219192949,207031162,10.2152558748364,6.91674641148325,4.83751846381093,1384.08787450258,2828.05077778143,2.2093997538479,247.506659650738,3.45753446672781,2.90895912921204,11.6271463614064,136.807478541125,152.820567632453,"Blackburn South",201.207945538856,19.1414256433614,65.0204415372036,222.442694116486,2128.69651724932
431.731565865783,38.0334950881761,1.36469940524767,1222.72547046988,2555.43969700556,207031163,12.4336388710654,7.63478818998716,5.80465762947515,1882.14404071488,4436.04183927092,2.46794891961,292.960705408924,3.38185496325024,3.19665814383416,10.454878943507,257.497041069949,315.061249852054,"Box Hill",408.089122973133,16.1980778628441,67.1680117388114,403.977393774411,2802.14344892887
142.0,null,null,457.0,852.0,207031167,5.71890850866094,5.17202354006338,2.6953125,651.0,2560.0,1.35714570410259,254.0,2.02857568402703,1.90000398574362,18.0654338549075,69.0,95.0,"Surrey Hills (East) - Mont Albert",133.0,9.97658079625293,46.3015647226174,105.0,1406.0
408.268434134217,35.9665049118239,1.36469940524767,1156.27452953012,2416.56030299444,207031164,12.4336388710654,7.63478818998716,5.80465762947515,1779.85595928512,4194.95816072908,2.46794891961,277.039294591076,3.38185496325024,3.19665814383416,10.454878943507,243.502958930051,297.938750147947,"Box Hill North",385.910877026867,16.1980778628441,67.1680117388114,382.022606225589,2649.85655107113
283.57692123991,23.2017481014472,1.02405012034856,780.09433061088,1964.4146725892,207031165,12.8306325680026,8.3725305738476,4.99226006191951,1533.37775230453,2664.59187085065,2.07615021092112,258.312795529446,3.69541299678517,2.78835707939245,11.586493987049,133.023355781631,159.318670296604,"Burwood",213.971676935569,19.6169292554835,68.7789084181314,210.878110522042,2229.43019534795
266.42307876009,21.7982518985528,1.02405012034856,732.90566938912,1845.5853274108,207031166,12.8306325680026,8.3725305738476,4.99226006191951,1440.62224769547,2503.40812914935,2.07615021092112,242.687204470555,3.69541299678517,2.78835707939245,11.586493987049,124.976644218369,149.681329703396,"Burwood East",201.028323064431,19.6169292554835,68.7789084181314,198.121889477958,2094.56980465205
148.079341903778,null,null,389.393825006232,1402.64043303301,208011168,3.96891967996728,3.53438977847839,1.76508760545101,1205.65834550052,3521.45472027349,1.12492131188462,492.2267013283,1.78663973064028,1.44475188094986,18.5593658452525,62.1567607991168,93.2351411986753,"Beaumaris",119.743171539475,12.6452410383189,45.4592452179907,108.317296392579,2652.17413909761
491.212489584891,33.4613412523768,1.37892253885633,1137.23945136411,3192.65810669344,208021174,8.98046919815229,5.99102169365643,4.55471934775792,2427.06261883906,5691.10492020424,1.97107245113051,358.259427008781,3.43922467305023,2.64892145571898,9.89525569932224,259.213856901745,281.521417736663,"Bentleigh - McKinnon",378.336231760207,17.5887919380607,67.0363524337646,422.059050996646,3620.51712350717
276.516648940522,16.231585262756,0.642851340438124,657.379203141618,1972.13760942485,208011169,5.28831140879573,3.55252028445224,2.53760360175995,1597.65174943413,5665.40295617552,1.12660388368557,726.363440508331,1.98298912368273,1.46749509572327,16.6070245195494,143.765469470125,157.098557364531,"Brighton (Vic.)",204.63391420546,10.6077141342646,36.5275016567263,241.154981046661,4373.83252883907
179.0,null,null,405.0,1052.0,208021180,10.8517920517305,6.09205776173285,5.37098560354374,745.0,1806.0,2.31407128048813,84.0,3.42329553063947,2.94518162971217,8.45070422535211,97.0,121.0,"Hughesdale",154.0,16.6825245797653,74.9496981891348,154.0,994.0
175.920658096222,null,null,462.606174993768,1666.35956696699,208011173,3.96891967996728,3.53438977847839,1.76508760545101,1432.34165449948,4183.54527972651,1.12492131188462,584.7732986717,1.78663973064028,1.44475188094986,18.5593658452525,73.8432392008832,110.764858801325,"Sandringham - Black Rock",142.256828460525,12.6452410383189,45.4592452179907,128.682703607421,3150.82586090239
609.787510415109,41.5386587476232,1.37892253885633,1411.76054863589,3963.34189330656,208021175,8.98046919815229,5.99102169365643,4.55471934775792,3012.93738116094,7064.89507979576,1.97107245113051,444.740572991219,3.43922467305023,2.64892145571898,9.89525569932224,321.786143098255,349.478582263337,"Bentleigh East",469.663768239793,17.5887919380607,67.0363524337646,523.940949003354,4494.48287649283
427.499843046981,22.7393533535628,1.05084330202871,800.425238045412,2081.21931568484,208021176,7.86633813238017,5.18008903278025,3.7833310065615,1473.51009731087,4072.04970178926,1.61833754249127,223.982630532594,3.39941293841741,2.31901441144699,10.1520226745684,154.059118970388,203.517212514387,"Carnegie",291.632206759443,13.9482607536099,66.7869105900541,226.25656586795,2206.28575912943
214.0,null,null,389.0,983.0,208021181,6.59265793817855,4.76073919960837,3.42984409799555,688.0,2245.0,1.68020365555372,155.0,3.29874846136234,2.29679215300462,14.3253234750462,77.0,109.0,"Murrumbeena",149.0,12.8782916284554,63.5859519408503,111.0,1082.0
395.891451456981,25.6646871979008,0.984328535667506,965.42908438061,2049.89863278553,208021177,7.17071717213648,5.38860103626943,3.30971883993801,1474.35437094324,4933.0805137412,1.69559348126782,522.576715923215,2.85221641280549,2.30537767986761,15.2509960159363,163.271095152603,235.350642176495,"Caulfield - North",319.989504212125,11.6819667029718,43.0278884462151,289.410302444414,3426.50876950697
329.108548543019,21.3353128020992,0.984328535667506,802.57091561939,1704.10136721447,208021178,7.17071717213648,5.38860103626943,3.30971883993801,1225.64562905676,4100.9194862588,1.69559348126782,434.423284076785,2.85221641280549,2.30537767986761,15.2509960159363,135.728904847397,195.649357823505,"Caulfield - South",266.010495787875,11.6819667029718,43.0278884462151,240.589697555586,2848.49123049303
235.0,null,null,533.0,1222.0,208021179,10.6630551201496,5.43323139653415,4.58750963762529,890.0,2594.0,1.78811268501999,190.0,3.11264059984962,2.56958415476947,11.5361262902247,119.0,135.0,"Elsternwick",194.0,13.1115879828326,54.0376442015786,241.0,1647.0
324.500156953019,17.2606466464372,1.05084330202871,607.574761954588,1579.78068431516,208021182,7.86633813238017,5.18008903278025,3.7833310065615,1118.48990268913,3090.95029821074,1.61833754249127,170.017369467406,3.39941293841741,2.31901441144699,10.1520226745684,116.940881029612,154.482787485613,"Ormond - Glen Huntly",221.367793240557,13.9482607536099,66.7869105900541,171.74343413205,1674.71424087057
217.779664872242,15.2711350367731,1.51269585632693,455.920843126848,1253.11835620593,208031183,8.79135363584956,5.70890145216717,4.41509433962264,901.218287967245,2346.00045492456,1.92950255601217,124.824929865797,3.58909360135345,2.7064100124027,9.4758064516129,103.578133292896,117.078701948594,"Aspendale Gardens - Waterways",164.220031844719,16.7074862049633,68.4139784946236,168.646447797407,1317.3013875199
0.298430510273713,0.0209265296838274,1.51269585632693,0.624763060125862,1.71718856622943,208031184,8.79135363584956,5.70890145216717,4.41509433962264,1.23496853438471,3.21480021229813,1.92950255601217,0.171051633937372,3.58909360135345,2.7064100124027,9.4758064516129,0.141936462203351,0.16043672757601,"Braeside",0.225036014860869,16.7074862049633,68.4139784946236,0.23110167563879,1.80514064750929
322.0,30.0,2.45555375793201,643.0,1812.0,208031185,17.3235195394804,6.57262598384954,7.1080817916261,1287.0,3081.0,2.70280138851664,172.0,4.20435771547032,3.65596323084376,9.23242082662373,219.0,207.0,"Carrum - Patterson Lakes",280.0,18.7286821705426,69.0821256038647,368.0,1863.0
466.351433296582,37.1367144432194,2.87026361754661,799.86769570011,2577.43081587652,208031186,15.9355951654079,6.96950840074673,7.35294117647059,1775.42061742007,3448.00110253583,3.2605202741216,127.121830209482,5.19297497317416,4.48520349903557,5.65079365079365,253.529492833517,292.808710033076,"Chelsea - Bonbeach",402.790518191841,22.7224076056161,78.9206349206349,397.791345093716,2249.62789415656
616.289823615997,50.2990045655265,2.22230630550575,1094.89247311828,3693.1663049173,208031188,11.8656640235278,6.09790605546123,5.26509912402029,2768.47753411671,5510.0273183145,2.40781282679604,411.537310081581,4.41189872946163,3.36802821391712,10.2311481621826,290.108400069855,336.342838609885,"Cheltenham - Highett (East)",470.473517451289,20.2829398961996,68.8265757231274,473.013871217224,4022.39615298256
353.069156500262,28.8160317341516,2.22230630550575,627.258064516129,2115.79529975301,208031190,11.8656640235278,6.09790605546123,5.26509912402029,1586.04602948881,3156.66529451388,2.40781282679604,235.767532370332,4.41189872946163,3.36802821391712,10.2311481621826,166.201556769703,192.689020282913,"Mentone",269.531771573984,20.2829398961996,68.8265757231274,270.987126712072,2304.40932564928
300.345439381303,21.0608082492987,1.51269585632693,628.771956428337,1728.20719286274,208031189,8.79135363584956,5.70890145216717,4.41509433962264,1242.89291581368,3235.42851366037,1.92950255601217,172.149215255137,3.58909360135345,2.7064100124027,9.4758064516129,142.847221169156,161.466196577956,"Edithvale - Aspendale",226.479995956226,16.7074862049633,68.4139784946236,232.584578057472,1816.72363333081
1052.0,175.0,4.97575842249046,2807.0,3656.0,212031305,29.4195577873178,12.1158494475138,14.815401679607,1545.0,6311.0,5.21434569615267,45.0,6.21233484977645,7.1040293006474,2.32438016528926,935.0,883.0,"Hampton Park - Lynbrook",1203.0,18.9282940719648,79.8037190082645,1834.0,1936.0
243.641019883741,19.8849637003218,2.22230630550575,432.849462365591,1460.03839532969,208031191,11.8656640235278,6.09790605546123,5.26509912402029,1094.47643639448,2178.30738717162,2.40781282679604,162.695157548088,4.41189872946163,3.36802821391712,10.2311481621826,114.690043160442,132.968141107203,"Moorabbin - Heatherton",185.994710974727,20.2829398961996,68.8265757231274,186.999002070703,1590.19452136816
0.0,0.0,2.22230630550575,0.0,0.0,208031192,11.8656640235278,6.09790605546123,5.26509912402029,0.0,0.0,2.40781282679604,0.0,4.41189872946163,3.36802821391712,10.2311481621826,0.0,0.0,"Moorabbin Airport",0.0,20.2829398961996,68.8265757231274,0.0,0.0
361.608,37.0352432432432,2.99400699599635,856.954378378378,1944.35027027027,209011196,18.4376307091119,10.5456386884416,7.05653021442495,1372.36151351351,2638.76108108108,3.37247561708216,135.281513513514,5.68549246716729,4.24592253949193,7.58580905682146,186.204972972973,214.495783783784,"Bundoora - East",270.048648648649,23.5616779904008,76.9541390250937,325.601513513514,1783.34983783784
451.848445126203,56.9746478873239,2.359193358421,1250.62172639799,2949.1431599498,209011197,11.1999703739623,7.06365895622252,4.6624430805781,2221.44716218101,5698.59299958165,2.43350695710344,336.206833077674,3.28708106684631,3.13934708631389,10.349018926897,265.693654999303,334.514516803793,"Greensborough",431.540649839632,17.095023216271,68.379927070672,443.386863756798,3248.68314042672
465.576465236182,32.6471301842444,1.51269585632693,974.682437384689,2678.9572623651,208031193,8.79135363584956,5.70890145216717,4.41509433962264,1926.65382768469,5015.35623120277,1.92950255601217,266.854803245128,3.58909360135345,2.7064100124027,9.4758064516129,221.432709075745,250.294664745874,"Mordialloc - Parkdale",351.074936184194,16.7074862049633,68.4139784946236,360.537872469482,2816.16983850178
151.0,20.0,4.48406649888341,247.0,489.0,209031211,19.4810649368831,7.08751793400287,9.21465968586387,234.0,955.0,3.29792334661832,31.0,5.72398190045249,4.43513829372809,9.84126984126984,88.0,87.0,"Kinglake",117.0,16.2189054726368,74.2857142857143,165.0,315.0
73.3162901307967,7.96195005945303,1.15671870779171,269.047562425684,455.158145065398,209031212,11.2498177575328,5.87510866415532,4.97159090909091,311.5112960761,1401.30321046373,1.80812198022589,92.5576694411415,2.11425903507895,2.43952965586033,14.9919398173025,69.667063020214,62.7003567181926,"Panton Hill - St Andrews",84.5957193816885,10.9174822948993,50.4567436861902,125.068965517241,617.382877526754
155.057983305807,13.98718921573,1.01949199743656,496.34540016962,814.853680310673,209031213,8.36326755259108,5.88793021712335,3.98562561254492,566.680980225863,2446.55921081998,1.52552144127784,129.081774762309,2.41592783353389,2.17931634468263,13.645965356992,97.510690532518,97.9103245101103,"Plenty - Yarrambat",139.8718921573,10.8613434187397,59.9070553443177,168.245904566353,945.933624960943
96.4411414982164,10.4732461355529,1.15671870779171,353.908442330559,598.720570749108,209031214,11.2498177575328,5.87510866415532,4.97159090909091,409.765755053508,1843.29131985731,1.80812198022589,121.751486325803,2.11425903507895,2.43952965586033,14.9919398173025,91.640903686088,82.4768133174792,"Research - North Warrandyte",111.27824019025,10.9174822948993,50.4567436861902,164.51724137931,812.112960760999
238.0,48.0,3.46394832026674,910.0,990.0,212031306,14.3102680338134,6.7143805799454,8.36936380481779,443.0,3238.0,2.00959176768509,38.0,2.46537546757243,3.00402893107564,5.66318926974665,271.0,194.0,"Lynbrook - Lyndhurst",290.0,9.42857142857143,66.0208643815201,558.0,671.0
294.660527853278,19.1210658673508,0.66141289097535,731.993624101405,1735.11415652704,208041194,4.46012133116214,4.1206668138662,2.27643936300531,1312.97985622476,4802.81951888638,1.21735920301138,483.419767825844,2.10239333623517,1.68261430071401,16.4005322687957,109.333274062032,170.618741585592,"Malvern - Glen Iris",235.82647903066,10.0926850135463,44.544244843646,167.186755404273,2947.58584601316
336.884594773508,30.8989692021562,1.89080515503581,769.899315953724,2183.52715695237,209011198,9.40454001217019,6.5317119347557,4.1240666283745,1673.26501276676,3735.77120701069,2.04729084758921,356.625602874886,3.71160119020215,2.81798001192418,13.5939800425323,154.065693660751,185.822967562967,"Heidelberg - Rosanna",255.774800617848,18.4341147059889,63.7821037133977,254.916495917788,2623.40831573306
306.339472146722,19.8789341326492,0.66141289097535,761.006375898595,1803.88584347296,208041195,4.46012133116214,4.1206668138662,2.27643936300531,1365.02014377524,4993.18048111362,1.21735920301138,502.580232174156,2.10239333623517,1.68261430071401,16.4005322687957,113.666725937968,177.381258414408,"Malvern East",245.17352096934,10.0926850135463,44.544244843646,173.813244595727,3064.41415398684
260.0,22.0,2.40532820955727,545.0,1427.0,209041217,21.8339641685592,10.2733270499529,6.75433353257621,960.0,1673.0,3.77346886249762,72.0,5.8748617020921,4.63210249588031,5.79243765084473,113.0,167.0,"Bundoora - West",205.0,24.9868674487831,77.2325020112631,192.0,1243.0
341.392,34.9647567567568,2.99400699599635,809.045621621622,1835.64972972973,209011204,18.4376307091119,10.5456386884416,7.05653021442495,1295.63848648649,2491.23891891892,3.37247561708216,127.718486486487,5.68549246716729,4.24592253949193,7.58580905682146,175.795027027027,202.504216216216,"Watsonia",254.951351351351,23.5616779904008,76.9541390250937,307.398486486486,1683.65016216216
185.0,22.0,0.767834884192828,781.0,1102.0,209021205,14.6046147800628,7.76187636652753,6.83722981914424,811.0,2267.0,1.9004504506316,76.0,2.2393842889608,2.3241177485431,6.69014084507042,155.0,157.0,"Kingsbury",192.0,11.6134471493308,71.3908450704225,263.0,1136.0
1086.0,98.0,5.76067442041995,1526.0,3277.0,209011199,42.1841828889557,12.2816901408451,17.8484107579462,1542.0,3272.0,6.83499413718373,66.0,11.2466721711841,8.28484137840452,3.19767441860465,584.0,660.0,"Heidelberg West",800.0,27.6306913996627,74.7093023255814,1168.0,2064.0
270.0,null,null,553.0,1278.0,209011200,5.58012419457843,5.40619806432691,2.56232686980609,880.0,2888.0,1.74775385501163,226.0,3.39491756009454,2.28842591087854,14.2766898294378,74.0,139.0,"Ivanhoe",182.0,13.1915772089182,55.5906506632975,127.0,1583.0
1323.0,161.0,4.03157058800491,2904.0,4652.0,209041218,25.268222595067,9.53350185483077,13.9848812095032,2098.0,7408.0,4.26388304237396,109.0,5.78576129749821,5.42278458722432,4.0103016924209,1036.0,975.0,"Epping",1240.0,17.9095283926853,77.1891096394408,1919.0,2718.0
80.0,null,null,279.0,557.0,209011201,7.71388075341914,4.07120968918722,3.47490347490348,446.0,2072.0,0.790911831771707,281.0,1.5064987271842,1.22403021583717,21.0960960960961,72.0,42.0,"Ivanhoe East - Eaglemont",65.0,8.26286901053256,33.4834834834835,119.0,1332.0
349.151554873797,44.0253521126761,2.359193358421,966.378273602008,2278.8568400502,209011202,11.1999703739623,7.06365895622252,4.6624430805781,1716.55283781899,4403.40700041835,2.43350695710344,259.793166922326,3.28708106684631,3.13934708631389,10.349018926897,205.306345000697,258.485483196207,"Montmorency - Briar Hill",333.459350160368,17.095023216271,68.379927070672,342.613136243202,2510.31685957328
448.115405226492,41.1010307978438,1.89080515503581,1024.10068404628,2904.47284304763,209011203,9.40454001217019,6.5317119347557,4.1240666283745,2225.73498723324,4969.22879298931,2.04729084758921,474.374397125114,3.71160119020215,2.81798001192418,13.5939800425323,204.934306339249,247.177032437033,"Viewbank - Yallambie",340.225199382152,18.4341147059889,63.7821037133977,339.083504082212,3489.59168426694
220.99153900391,18.508877636049,2.47188918175148,439.530094224729,1738.49650663419,210011226,14.4438120853659,7.56941510810707,5.19823788546256,1334.42317800141,2024.82661367861,3.11846922279466,116.851227485418,4.84389184919986,4.05205483651532,7.00160342063068,105.25530414717,142.273059419268,"Airport West",184.865777834754,27.576936681995,79.9572421165152,179.736811742837,1668.92096660471
0.0,0.0,2.47188918175148,0.0,0.0,210011227,14.4438120853659,7.56941510810707,5.19823788546256,0.0,0.0,3.11846922279466,0.0,4.84389184919986,4.05205483651532,7.00160342063068,0.0,0.0,"Essendon Airport",0.0,27.576936681995,79.9572421165152,0.0,0.0
306.0,null,null,649.0,1996.0,211041269,13.8521043593063,7.73079213817749,6.10069827269386,1532.0,2721.0,2.96869188325162,225.0,4.73135268893227,3.58716935892904,10.035682426405,166.0,192.0,"Forest Hill",232.0,22.6766643944558,68.3318465655665,267.0,2242.0
343.950291993025,25.0071130054524,1.39947199109089,885.907724668567,2403.14256455675,211041270,10.2266638460865,6.78045872423206,4.43702758417591,1858.31546317567,4176.18787191055,2.01573603514429,347.22991337079,3.41657077471931,2.73651437498376,12.4558823529412,185.29860784368,202.926572749163,"Mitcham (Vic.)",275.488195732197,18.4426616328457,66.6617647058823,306.644598820957,2787.67817109961
1525.0,121.0,3.33470298262451,2839.0,5932.0,209021206,21.2454556562624,10.1592413669708,9.33742986908897,3473.0,7486.0,4.81911342224113,221.0,6.82372141960792,6.1928068490081,5.33816425120773,699.0,1077.0,"Preston",1384.0,22.2005988023952,83.8888888888889,1189.0,4140.0
1473.0,97.0,3.3470857400045,2331.0,6241.0,209021207,29.7126103228131,10.6828597616865,11.6304864522263,3796.0,6311.0,5.76822599184925,192.0,8.42916357737494,7.11872334708379,4.01086275329016,734.0,1008.0,"Reservoir - East",1244.0,27.7538133143594,79.2980990181742,1291.0,4787.0
1173.0,88.0,3.44735925945823,1906.0,5758.0,209021208,29.0237873679985,9.65258786589689,11.1273792093704,3795.0,6147.0,4.76352938107042,251.0,7.52034988424711,5.81496789856106,5.43643058262941,684.0,743.0,"Reservoir - West",907.0,28.1868024280399,82.1962313190383,1204.0,4617.0
359.0,28.0,0.911811990689114,1171.0,2100.0,209031209,6.37937552236984,5.59110007639419,2.9785232795109,1514.0,6379.0,1.59311788313143,413.0,2.2605901978031,2.09057366482069,15.561416729465,190.0,253.0,"Eltham",332.0,11.1069974083673,57.0459683496609,323.0,2654.0
51.2425683709869,5.56480380499405,1.15671870779171,188.043995243757,318.121284185493,209031210,11.2498177575328,5.87510866415532,4.97159090909091,217.722948870392,979.405469678954,1.80812198022589,64.6908442330559,2.11425903507895,2.43952965586033,14.9919398173025,48.692033293698,43.8228299643282,"Hurstbridge",59.1260404280618,10.9174822948993,50.4567436861902,87.4137931034483,431.504161712247
232.942016694193,21.01281078427,1.01949199743656,745.65459983038,1224.14631968933,209031215,8.36326755259108,5.88793021712335,3.98562561254492,851.319019774137,3675.44078918002,1.52552144127784,193.918225237691,2.41592783353389,2.17931634468263,13.645965356992,146.489309467482,147.08967548989,"Wattle Glen - Diamond Creek",210.1281078427,10.8613434187397,59.9070553443177,252.754095433647,1421.06637503906
307.0,null,null,538.0,1462.0,210031236,15.2769943421705,9.14654879292758,6.7369654364382,925.0,1707.0,4.62483379811959,56.0,6.66584026301744,5.62362419583556,4.81513327601032,115.0,213.0,"Coburg North",259.0,25.0900978204908,79.5356835769561,195.0,1163.0
186.0,null,null,490.0,797.0,209041216,13.8582382644474,8.91071103837061,6.96378830083566,511.0,1436.0,2.01637629405187,40.0,4.3609998917866,2.60253219348555,6.02409638554217,100.0,86.0,"Bundoora - North",111.0,15.9911717495987,76.9578313253012,171.0,664.0
612.0,51.0,3.34979031559798,1256.0,3477.0,210031237,32.0240913453036,11.5526122148639,13.8522831749923,2296.0,3263.0,5.21157254365744,107.0,7.74146212795717,6.61566126294379,3.94397346111316,452.0,412.0,"Fawkner",523.0,32.245200779004,84.6295613711758,950.0,2713.0
1449.82983856926,136.431311096187,5.67927156856429,2224.91786682586,6044.00594482999,209041219,41.2393212393402,12.6788732394366,14.9307068770156,3425.11795139666,5671.29142103823,6.44662146104619,122.590453448748,10.6643771828813,8.17735570552334,3.15401246343635,846.763898216551,876.422878889635,"Lalor",1111.7174588961,34.0974371845283,88.1215820933486,1630.25530433052,3886.80941720767
633.0,74.0,2.60860361299596,1494.0,2596.0,209041220,22.9283006375977,8.89232783762871,9.01330156839389,1434.0,5037.0,2.83827895459222,81.0,4.81670396315517,3.72857020844555,4.54290521592821,454.0,373.0,"Mill Park - North",490.0,17.0778238273798,80.4262478968031,839.0,1783.0
513.0,60.0,3.17350237373503,1073.0,1966.0,209041221,24.1934336266929,9.61469534050179,8.99439693305809,1015.0,3391.0,4.01148800001095,61.0,5.81325803391418,5.07668537854494,4.75448168355417,305.0,354.0,"Mill Park - South",448.0,19.1170750680669,79.1114575214341,565.0,1283.0
924.0,147.0,2.77719383605145,3008.0,4270.0,209041222,14.6168820913301,6.22194642672458,10.4652260073606,2069.0,10597.0,2.31047654340095,158.0,2.72653936922411,3.0481765891867,6.01446516939475,1109.0,783.0,"South Morang",1033.0,11.4877589453861,78.7590407308717,2113.0,2627.0
1483.17016143074,139.568688903813,5.67927156856429,2276.08213317414,6182.99405517001,209041223,41.2393212393402,12.6788732394366,14.9307068770156,3503.88204860334,5801.70857896177,6.44662146104619,125.409546551252,10.6643771828813,8.17735570552334,3.15401246343635,866.236101783449,896.577121110365,"Thomastown",1137.2825411039,34.0974371845283,88.1215820933486,1667.74469566948,3976.19058279233
382.324727422341,50.7291709524789,3.34703592357362,871.675632585888,1766.24125694302,209041224,19.0834367168172,7.19905988146332,10.0781101162126,982.413700884592,3247.2855893849,3.07932897631979,105.170232462456,4.36473694349916,4.12460578479532,7.54214729370009,327.265017486114,269.730713844888,"Wallan",361.29068092985,17.0407066969082,70.452528837622,639.063824315984,1394.43355276692
235.675272577659,31.2708290475211,3.34703592357362,537.324367414112,1088.75874305698,209041225,19.0834367168172,7.19905988146332,10.0781101162126,605.586299115408,2001.7144106151,3.07932897631979,64.8297675375437,4.36473694349916,4.12460578479532,7.54214729370009,201.734982513886,166.269286155112,"Whittlesea",222.70931907015,17.0407066969082,70.452528837622,393.936175684016,859.56644723308
173.0,null,null,469.0,1596.0,210011228,10.9382257315374,6.88187820983126,3.93864013266998,1228.0,2412.0,2.80686535720924,194.0,3.21581262779602,3.6991139475804,10.8077994428969,95.0,151.0,"Keilor",199.0,21.9622953075547,68.4122562674095,157.0,1795.0
770.00846099609,64.491122363951,2.47188918175148,1531.46990577527,6057.50349336581,210011229,14.4438120853659,7.56941510810707,5.19823788546256,4649.57682199859,7055.17338632139,3.11846922279466,407.148772514582,4.84389184919986,4.05205483651532,7.00160342063068,366.74469585283,495.726940580732,"Keilor East",644.134222165246,27.576936681995,79.9572421165152,626.263188257163,5815.07903339529
126.0,null,null,306.0,1041.0,210011230,11.0232019389824,5.4092275057451,5.31231757151197,799.0,1713.0,2.50853271012324,107.0,2.92662149514378,3.27502881599423,9.84360625574977,91.0,108.0,"Niddrie - Essendon West",141.0,19.0310786106033,73.5050597976081,149.0,1087.0
138.0,null,null,435.0,1109.0,210011231,7.32420350335125,5.33742331288344,3.60951599671862,839.0,2438.0,1.81501584235255,214.0,2.25650618238425,2.35461514683574,15.4289834174477,88.0,111.0,"Strathmore",144.0,14.4815878819535,60.4902667627974,149.0,1387.0
170.349156118143,31.9789029535865,2.34147722175241,551.021097046414,1273.62130801688,210021232,8.80581412753453,5.39174389216512,4.06826751339552,962.441983122363,3098.87869198312,2.00625291916103,150.669831223629,2.26829411676574,2.53852410179559,9.36902485659656,126.070675105485,150.669831223629,"Gisborne",190.643459915612,13.6998081629953,59.8470363288719,238.611814345992,1608.16983122363
48.9501998667555,9.1892071952032,2.34147722175241,158.33710859427,365.977848101266,210021233,8.80581412753453,5.39174389216512,4.06826751339552,276.559793471019,890.469520319787,2.00625291916103,43.2953031312458,2.26829411676574,2.53852410179559,9.36902485659656,36.2266822118588,43.2953031312458,"Macedon",54.7818121252498,13.6998081629953,59.8470363288719,68.5656229180546,462.11109260493
57.700644015101,10.8318898512103,2.34147722175241,186.641794359316,431.400843881857,210021234,8.80581412753453,5.39174389216512,4.06826751339552,325.998223406618,1049.65178769709,2.00625291916103,51.0348656451255,2.26829411676574,2.53852410179559,9.36902485659656,42.702642682656,51.0348656451255,"Riddells Creek",64.5747279591383,13.6998081629953,59.8470363288719,80.8225627359538,544.719076171441
254.0,29.0,3.19088704594578,550.0,1234.0,210021235,16.9659944872982,7.09219858156028,7.51054852320675,770.0,2370.0,3.2434300187349,133.0,4.45314175545224,4.26028915974368,10.751818916734,178.0,185.0,"Romsey",243.0,17.4023409956283,62.2473726758286,348.0,1237.0
1374.0,130.0,3.87181539638029,2448.0,6847.0,210031238,26.7661168894792,9.84793627805938,11.7993273542601,4336.0,7136.0,4.92272637549104,240.0,7.25732407717241,6.12699849310044,4.67836257309941,842.0,932.0,"Glenroy - Hadfield",1160.0,28.0741317807208,84.5224171539961,1586.0,5130.0
1266.0,155.0,6.38806620370771,2545.0,3624.0,210051247,54.8323487048848,17.4291192987262,28.4444444444444,1057.0,3825.0,9.80993312115379,null,12.1282962220515,12.0133360682879,null,1088.0,1024.0,"Meadow Heights",1254.0,30.2782187317236,85.9349593495935,2283.0,1230.0
4.18627450980392,0.411764705882353,1.6462424641615,9.50490196078431,16.8251633986928,210051248,19.4537251206488,6.98554135843981,7.51272074229273,9.58496732026144,38.2140522875817,2.28398680979664,1.4297385620915,3.92459705345338,3.03459280362652,10.0160256410256,2.87091503267974,2.43627450980392,"Melbourne Airport",3.23692810457516,13.6266790180639,67.1474358974359,5.71895424836601,14.2745098039216
649.0,64.0,2.74964662449745,1401.0,3815.0,210031239,18.8014528953916,7.4442082890542,7.52786405993057,2679.0,5473.0,3.25306573144193,221.0,4.40759845450066,4.07482137550138,6.20786516853933,412.0,479.0,"Pascoe Vale",600.0,20.6115943595008,75.252808988764,770.0,3560.0
363.486920655595,54.1801259090416,3.11699649916754,949.866764354716,1895.96149462716,210041240,18.7409150728543,8.17036840397605,8.56777493606138,1168.98765331597,3486.04531640074,3.13537369021313,100.816183653533,4.1388494540796,4.18179977860307,6.57865294249273,298.676516878324,275.358488006078,"Sunbury",367.25895473787,18.0326799517302,76.2810472141419,532.885542168675,1532.47457397156
696.513079344405,103.819874090958,3.11699649916754,1820.13323564528,3633.03850537284,210041241,18.7409150728543,8.17036840397605,8.56777493606138,2240.01234668403,6679.95468359926,3.13537369021313,193.183816346467,4.1388494540796,4.18179977860307,6.57865294249273,572.323483121676,527.641511993922,"Sunbury - South",703.74104526213,18.0326799517302,76.2810472141419,1021.11445783133,2936.52542602844
253.618326488706,31.3671714579055,3.96297650774648,527.611909650924,1356.02695071869,210051250,27.6888150414467,9.58177126442378,9.09778988798062,852.275539014374,1771.03875770021,4.34037069345915,52.8148100616016,5.72662576849701,5.64793006554726,5.15032679738562,161.125385010267,192.224460985626,"Tullamarine",250.133085215606,24.5319623629838,83.1111111111111,298.390272073922,1025.46522073922
467.633573062192,52.0281061420187,3.92624270337645,874.567688958695,2250.83497285828,211011251,22.9620787555818,8.82858661331166,8.9587659448235,1448.11562095285,3131.90617508473,3.94414706442916,102.817447852085,5.99161173771432,5.29721964890637,5.65106382978723,280.580143837315,307.832961340277,"Bayswater",413.437629164256,23.1119025662225,79.5914893617021,482.498746245626,1819.43525943071
1043.0,144.0,8.52371121916857,2061.0,3617.0,210051242,62.4958573699495,18.8978543920778,31.4151284835324,1496.0,2763.0,12.6453446135836,20.0,13.0974125441586,15.1819480018099,1.16211504938989,868.0,1007.0,"Broadmeadows",1209.0,36.6167240332051,86.9262056943637,1839.0,1721.0
1042.36642693781,115.971893857981,3.92624270337645,1949.43231104131,5017.16502714172,211011252,22.9620787555818,8.82858661331166,8.9587659448235,3227.88437904715,6981.09382491527,3.94414706442916,229.182552147916,5.99161173771432,5.29721964890637,5.65106382978723,625.419856162685,686.167038659723,"Boronia - The Basin",921.562370835745,23.1119025662225,79.5914893617021,1075.50125375437,4055.56474056929
367.101595083047,32.9534645496451,1.24897729718471,967.513719177581,2112.31707763225,211031265,14.866401350346,5.84371641256319,6.91426313709996,1515.85936928368,5004.31312650911,1.56816982088541,298.558388819785,2.94097841829352,2.20705382198688,12.9539605376037,346.011377771274,195.743579424892,"Croydon Hills - Warranwood",275.490963635033,14.0011358175702,65.7706605661996,605.684678422477,2304.76531060218
1370.0,159.0,6.90486581468731,2433.0,4937.0,210051243,57.9891768495307,16.9973452563923,27.7906081601232,2214.0,3897.0,9.80705572517373,54.0,13.3688222323264,12.3246879411885,2.15139442231076,1083.0,1005.0,"Campbellfield - Coolaroo",1263.0,37.9448159249866,88.207171314741,2358.0,2510.0
1239.0,207.0,3.7953875922437,3693.0,4629.0,210051244,30.3535674441243,9.38715335146539,17.8080721339631,1622.0,9316.0,4.22580247424353,86.0,4.38506638658939,5.49637457495829,4.02999062792877,1659.0,1194.0,"Craigieburn - Mickleham",1553.0,14.9549316705974,76.0074976569822,3365.0,2134.0
692.381673511294,85.6328285420944,3.96297650774648,1440.38809034908,3701.97304928131,210051245,27.6888150414467,9.58177126442378,9.09778988798062,2326.72446098563,4834.96124229979,4.34037069345915,144.185189938398,5.72662576849701,5.64793006554726,5.15032679738562,439.874614989733,524.775539014374,"Gladstone Park - Westmeadows",682.866914784394,24.5319623629838,83.1111111111111,814.609727926078,2799.53477926078
361.813725490196,35.5882352941177,1.6462424641615,821.495098039216,1454.17483660131,210051246,19.4537251206488,6.98554135843981,7.51272074229273,828.415032679739,3302.78594771242,2.28398680979664,123.570261437909,3.92459705345338,3.03459280362652,10.0160256410256,248.12908496732,210.563725490196,"Greenvale - Bulla",279.763071895425,13.6266790180639,67.1474358974359,494.281045751634,1233.72549019608
135.017447289527,20.6497272325159,1.67620241660311,526.965154568241,818.841106797071,211011257,11.5394942891988,6.97833403449727,5.37949400798935,558.138300486558,2236.72285840664,2.06566219296174,68.8986091315673,2.36871887219895,2.81807877589552,8.67066466766617,120.324372143314,117.743156239249,"Rowville - North",160.631051260628,12.3365939752909,70.23988005997,213.645254828722,794.617388312773
1078.0,163.0,4.70419991576401,2939.0,3355.0,210051249,29.294568526838,13.6608719903319,19.1377921031426,833.0,4964.0,6.92287610921527,36.0,7.21746658194784,9.01848560842647,3.57497517378352,950.0,1034.0,"Roxburgh Park - Somerton",1347.0,20.4722968025384,82.720953326713,1927.0,1007.0
982.0,124.0,3.63459542448249,2034.0,5022.0,211011253,16.7799128774008,8.16933086994939,6.80594719302743,3327.0,7802.0,3.35302456901493,244.0,5.07345165912583,4.46381082839584,5.94831789371039,531.0,649.0,"Ferntree Gully",864.0,21.0566037735849,81.1067771818625,930.0,4102.0
331.0,40.0,2.48040771527045,1050.0,2193.0,211011254,17.6056214953038,8.99434641082748,7.41329097167064,1538.0,3777.0,3.19031283381504,138.0,3.69228513284188,4.27234201171734,6.74157303370786,280.0,286.0,"Knoxfield - Scoresby",383.0,19.5908522422726,75.1343429408891,477.0,2047.0
109.451024721089,16.7395684867548,1.67620241660311,427.180911190839,663.788273455546,211011255,11.5394942891988,6.97833403449727,5.37949400798935,452.451221310267,1813.18499041628,2.06566219296174,55.8522140856146,2.36871887219895,2.81807877589552,8.67066466766617,97.5401779132059,95.4477318523615,"Lysterfield",130.214527940237,12.3365939752909,70.23988005997,173.190150882194,644.151471961468
189.898404916953,17.0465354503549,1.24897729718471,500.486280822419,1092.68292236775,211031268,14.866401350346,5.84371641256319,6.91426313709996,784.140630716324,2588.68687349089,1.56816982088541,154.441611180215,2.94097841829352,2.20705382198688,12.9539605376037,178.988622228726,101.256420575108,"Ringwood North",142.509036364967,14.0011358175702,65.7706605661996,313.315321577523,1192.23468939782
254.57807047722,38.9354696023984,1.67620241660311,993.603233891974,1543.94112154126,211011256,11.5394942891988,6.97833403449727,5.37949400798935,1052.38081781098,4217.38524106748,2.06566219296174,129.909691846464,2.36871887219895,2.81807877589552,8.67066466766617,226.873986337052,222.007052636752,"Rowville - Central",302.873027964811,12.3365939752909,70.23988005997,402.83235857866,1498.26682066152
180.953457512164,27.675234678331,1.67620241660311,706.250700348946,1097.42949820612,211011258,11.5394942891988,6.97833403449727,5.37949400798935,748.029660392195,2997.7069101096,2.06566219296174,92.3394849363542,2.36871887219895,2.81807877589552,8.67066466766617,161.261463606428,157.802059271637,"Rowville - South",215.281392834324,12.3365939752909,70.23988005997,286.332235710424,1064.96431906424
311.083792088081,32.1658878504673,1.67975009398693,913.423089233133,2225.17443349123,211011259,14.5880959997294,7.67806215045002,5.2931781884554,1703.47017027269,3862.55031366022,2.36316222656685,186.385898092434,3.25857916397695,3.27242581764824,7.91986519378394,204.451670720778,225.601843553962,"Wantirna",312.405677890155,18.4373859072654,72.383448792361,342.809051337857,2353.39735629241
394.916207911919,40.8341121495327,1.67975009398693,1159.57691076687,2824.82556650877,211011260,14.5880959997294,7.67806215045002,5.2931781884554,2162.52982972731,4903.44968633978,2.36316222656685,236.614101907566,3.25857916397695,3.27242581764824,7.91986519378394,259.548329279222,286.398156446038,"Wantirna South",396.594322109845,18.4373859072654,72.383448792361,435.190948662143,2987.60264370759
212.081983924721,20.0535973338561,0.950041547786096,690.937580866497,1717.92483826701,211021261,8.23768929581843,5.07997497989456,3.50035285815102,1349.66786904529,4305.44657910214,1.431615611225,393.779729464811,2.03932182986745,1.90492526228306,15.3518123667377,150.705822387767,148.882768084689,"Donvale - Park Orchards",198.105234267791,13.0156537753223,52.6178630656243,263.735189178592,2565.0374044305
136.918016075279,12.9464026661439,0.950041547786096,446.062419133503,1109.07516173299,211021262,8.23768929581843,5.07997497989456,3.50035285815102,871.332130954715,2779.55342089786,1.431615611225,254.220270535189,2.03932182986745,1.90492526228306,15.3518123667377,97.2941776122329,96.1172319153107,"Warrandyte - Wonga Park",127.894765732209,13.0156537753223,52.6178630656243,170.264810821408,1655.9625955695
382.169362511893,40.6643262574231,2.97920125994437,803.120443584107,1850.22684471275,211031263,16.0072171265466,7.78523979852544,7.20077453709307,1221.05935234096,3111.19748023229,3.41312643270942,150.608615768234,4.83169223040455,4.51751322823046,8.77963125548727,224.030315955248,269.965943764559,"Bayswater North",357.318940910135,18.9634546366689,71.180860403863,385.181534827258,1715.43213360018
1145.0,124.0,3.62043731980342,2207.0,6179.0,211031264,18.9528815725174,8.52880936739189,7.72574835424171,4207.0,8051.0,4.0055590206217,447.0,5.68322810236908,5.24643851895556,7.90450928381963,622.0,807.0,"Croydon",1057.0,23.6426248326,74.394341290893,1086.0,5655.0
646.0,76.0,4.10822363384691,1335.0,3183.0,211031266,16.0887640738549,9.43863122171946,6.76498127340824,2150.0,4272.0,4.67317420793791,232.0,5.87328898507372,5.81873831338573,8.00552104899931,289.0,514.0,"Ringwood",640.0,22.6531919436339,74.1890959282264,506.0,2898.0
632.830637488107,67.3356737425769,2.97920125994437,1329.87955641589,3063.77315528725,211031267,16.0072171265466,7.78523979852544,7.20077453709307,2021.94064765904,5151.80251976771,3.41312643270942,249.391384231766,4.83169223040455,4.51751322823046,8.77963125548727,370.969684044752,447.034056235441,"Ringwood East",591.681059089865,18.9634546366689,71.180860403863,637.818465172742,2840.56786639982
291.624483541741,32.2085260076066,2.5750119758849,648.91441157961,1449.13399184612,211051275,16.0869768808932,7.93272899307145,6.83467346538537,964.508030754918,2546.22130407421,2.85044898562875,105.614003885408,4.66291934903975,3.84052090220568,7.80730897009967,174.025911839549,178.27044627466,"Chirnside Park",240.190713328043,18.7304353438539,71.2993724621632,309.8510137631,1352.75809231948
537.0,39.0,2.79874324909909,850.0,2588.0,211051276,21.8812120179474,7.65834759888278,9.34393638170974,1666.0,3521.0,3.59802974096263,199.0,6.3978210956852,4.67029025979255,8.82483370288248,329.0,302.0,"Healesville - Yarra Glen",392.0,23.9142487525411,73.880266075388,592.0,2255.0
329.0,39.0,3.65493114535673,578.0,1999.0,211051277,20.0128714634471,7.90481400437637,8.03609798023206,1433.0,2327.0,3.50472336696309,68.0,5.79424114437617,4.47336550356093,4.14381474710542,187.0,199.0,"Kilsyth",254.0,26.9298127441735,87.3248019500305,327.0,1641.0
529.079655077371,62.3279914950585,2.58449678192106,1091.44812379415,2726.14135527818,211051278,16.16649402927,6.78167495489152,7.4512038751959,1800.42902705044,4971.36559436154,2.44865503700759,229.480332322715,4.3969839246266,3.36101448589262,9.0125173852573,370.426585817223,294.641414340276,"Lilydale - Coldstream",404.423672087254,18.3416726233024,70.7093184979138,656.568728589991,2546.24010709926
153.792839903459,23.7747385358005,3.34629246375198,358.106999195495,775.650844730491,211051279,15.123877346541,7.1070480684164,7.06248503710797,494.068785197104,1551.6731697506,2.75982673438297,55.7220434432824,4.08060095726624,3.72576609141701,8.23271130625686,109.586685438455,104.014481094127,"Monbulk - Silvan",140.419549477072,17.0811518324607,72.9967069154775,192.055309734513,676.83708769107
349.0,26.0,2.19987154743281,721.0,1898.0,211041271,12.8413730607327,7.33618233618234,6.13706102966246,1387.0,2933.0,2.73741190285286,168.0,4.61525001978575,3.3986225074067,9.16530278232406,180.0,207.0,"Nunawading",257.0,19.9936795533551,75.6683033278778,291.0,1833.0
229.934903545432,16.717555561706,1.39947199109089,592.239960145028,1606.52968365116,211041272,10.2266638460865,6.78045872423206,4.43702758417591,1242.30621903628,2791.8317788049,2.01573603514429,232.127369848606,3.41657077471931,2.73651437498376,12.4558823529412,123.874346129363,135.658852508926,"Vermont",184.167169466663,18.4426616328457,66.6617647058823,204.995599346821,1863.59635769838
265.114804461543,19.2753314328416,1.39947199109089,682.852315186405,1852.32775179209,211041273,10.2266638460865,6.78045872423206,4.43702758417591,1432.37831778805,3218.98034928455,2.01573603514429,267.642716780604,3.41657077471931,2.73651437498376,12.4558823529412,142.827046026957,156.414574741911,"Vermont South",212.34463480114,18.4426616328457,66.6617647058823,236.359801832222,2148.72547120201
247.335593220339,28.9979661016949,2.2903664562322,667.635525423729,1213.13844067797,211051274,14.142194260213,7.2837576298943,6.0823115211849,749.853288135593,2810.07349152542,2.91076597818566,111.556881355932,3.49967717111874,3.77482420388256,9.91209457411337,170.917423728814,205.714983050847,"Belgrave - Selby",266.781288135593,14.552299885415,66.6262503789027,296.802711864407,1125.46223728814
400.0,86.0,3.03004844604448,1555.0,1959.0,212021294,11.1780247193928,6.80286989237904,6.70702564919547,1038.0,6277.0,2.27211930174492,71.0,2.5245770019388,3.18727846494773,5.13748191027496,421.0,360.0,"Berwick - South",505.0,11.116785835887,75.1085383502171,784.0,1382.0
215.146961446904,23.7619503652831,2.5750119758849,478.738829452486,1069.10356527212,211051280,16.0869768808932,7.93272899307145,6.83467346538537,711.569102799135,1878.48348701672,2.85044898562875,77.9170930582538,4.66291934903975,3.84052090220568,7.80730897009967,128.388212438777,131.519632254357,"Montrose",177.2015213287,18.7304353438539,71.2993724621632,228.593646537336,998.001915341889
661.228555011355,73.0295236271103,2.5750119758849,1471.3467589679,3285.76244288177,211051281,16.0869768808932,7.93272899307145,6.83467346538537,2186.92286644595,5773.29520890908,2.85044898562875,239.468903056338,4.66291934903975,3.84052090220568,7.80730897009967,394.585875721673,404.209921470983,"Mooroolbark",544.607765343257,18.7304353438539,71.2993724621632,702.555339699565,3067.23999233863
237.333050847458,27.8252542372881,2.2903664562322,640.635559322034,1164.07769491525,211051282,14.142194260213,7.2837576298943,6.0823115211849,719.528338983051,2696.43081355932,2.91076597818566,107.045389830508,3.49967717111874,3.77482420388256,9.91209457411337,164.005322033898,197.395627118644,"Mount Dandenong - Olinda",255.992338983051,14.552299885415,66.6262503789027,284.799661016949,1079.94722033898
531.154721518444,29.952333920213,1.93334894129292,918.039034654528,2536.96268304204,212041310,22.2414488408205,8.87077323814577,8.18695106649937,1676.33228840125,3182.93468458797,3.24303251927749,88.3593850646283,6.3429900744692,4.29224892257314,4.19630156472262,260.585305105853,271.567827543265,"Clayton South",359.428007042556,23.8883143743537,79.6111901375059,439.300897496457,2105.64907459097
260.207160096541,40.2252614641995,3.34629246375198,605.893000804505,1312.34915526951,211051283,15.123877346541,7.1070480684164,7.06248503710797,835.931214802896,2625.3268302494,2.75982673438297,94.2779565567176,4.08060095726624,3.72576609141701,8.23271130625686,185.413314561545,175.985518905873,"Mount Evelyn",237.580450522928,17.0811518324607,72.9967069154775,324.944690265487,1145.16291230893
1081.0,132.0,3.57010796381425,2339.0,4275.0,212021296,26.0655544065386,9.90262489415749,10.0097452317973,2266.0,7183.0,4.12963075787086,131.0,5.88159532181607,5.2613345755746,4.68024294390854,719.0,759.0,"Endeavour Hills",967.0,19.8403490045018,80.9574848160057,1366.0,2799.0
240.331355932203,28.176779661017,2.2903664562322,648.728915254237,1178.78386440678,211051284,14.142194260213,7.2837576298943,6.0823115211849,728.618372881356,2730.49569491525,2.91076597818566,108.397728813559,3.49967717111874,3.77482420388256,9.91209457411337,166.077254237288,199.889389830508,"Upwey - Tecoma",259.226372881356,14.552299885415,66.6262503789027,288.397627118644,1093.59054237288
217.920344922629,25.6720085049415,2.58449678192106,449.551876205851,1122.85864472182,211051285,16.16649402927,6.78167495489152,7.4512038751959,741.570972949561,2047.63440563846,2.44865503700759,94.5196676772847,4.3969839246266,3.36101448589262,9.0125173852573,152.573414182778,121.358585659724,"Wandin - Seville",166.576327912746,18.3416726233024,70.7093184979138,270.431271410009,1048.75989290074
863.0,77.0,4.13891082018985,1304.0,3326.0,211051286,27.5814343938196,9.29834569309755,12.3073330219524,1780.0,4282.0,4.72685401995427,122.0,8.20779681935721,6.12493760332102,5.25635501938819,527.0,497.0,"Yarra Valley",644.0,25.4651251818391,76.6910814304179,968.0,2321.0
177.404639175258,20.5549047172759,1.85392205632266,514.821305841924,938.252343017807,212011287,14.4176062389298,6.58496137200178,7.00043035432506,600.83567635114,2204.434473602,2.12672682097968,86.0143705092159,3.04360649635103,3.05445714339684,9.27378111148994,154.31990003124,123.961886910341,"Beaconsfield - Officer",178.037097781943,13.6075949367089,64.7800886464371,286.819978131834,927.500546704155
182.0,31.0,2.99899664494168,583.0,1111.0,212011288,11.7418563497021,8.03583735354928,5.3968253968254,786.0,2205.0,3.08263793033681,156.0,3.44196382405705,4.29299883549972,12.540192926045,119.0,163.0,"Bunyip - Garfield",227.0,16.6417016177352,63.1832797427653,231.0,1244.0
383.595360824742,44.4450952827242,1.85392205632266,1113.17869415808,2028.74765698219,212011289,14.4176062389298,6.58496137200178,7.00043035432506,1299.16432364886,4766.565526398,2.12672682097968,185.985629490784,3.04360649635103,3.05445714339684,9.27378111148994,333.68009996876,268.038113089659,"Emerald - Cockatoo",384.962902218057,13.6075949367089,64.7800886464371,620.180021868166,2005.49945329585
227.0,27.0,3.31468334195308,455.0,1083.0,212011290,22.3282692850518,7.46391076115486,11.2668161434978,676.0,1784.0,2.90410281759763,149.0,5.15024484058329,4.12927119377163,14.0964995269631,201.0,128.0,"Koo Wee Rup",182.0,19.4155611330226,63.9545884578997,377.0,1057.0
431.942816801977,98.9636427815037,5.36484293263992,1218.81539004589,2299.60254147547,212011291,25.5710971164301,8.88647768886478,15.4619124797407,1268.66925520649,3443.26509001059,4.11696052275339,59.8990469466996,4.45045732487587,5.65794574635382,3.96454075350899,532.394634662901,399.575008824568,"Pakenham - North",549.136604306389,20.1670527586544,83.969465648855,1025.35262972114,1510.86974938228
729.057183198023,167.036357218496,5.36484293263992,2057.18460995411,3881.39745852453,212011292,25.5710971164301,8.88647768886478,15.4619124797407,2141.3307447935,5811.73490998941,4.11696052275339,101.1009530533,4.45045732487587,5.65794574635382,3.96454075350899,898.605365337099,674.424991175432,"Pakenham - South",926.863395693611,20.1670527586544,83.969465648855,1730.64737027886,2550.13025061772
423.922800656725,53.2757559173622,1.61178649282477,1270.24623751539,3253.62652209605,212021293,16.0404569630608,6.45722907880992,6.33409494795633,2497.87187029689,5995.80578738542,1.9586172315693,359.230811328499,2.79730717431821,2.66171059674803,9.56239870340357,379.780031468053,296.822068682446,"Berwick - North",403.373580517171,16.8892225031606,66.4910858995138,724.550280476125,3756.70187440142
863.0,123.0,8.72596506678409,1424.0,2973.0,212021295,49.720244516361,14.9438555986987,22.1109399075501,1393.0,2596.0,8.94611635463407,21.0,12.1010946928671,11.4560768992728,1.31414267834793,574.0,638.0,"Doveton",817.0,33.509918845807,87.171464330413,1192.0,1598.0
505.0,77.0,5.50431627285371,1151.0,2002.0,212021297,32.5536631729144,12.1528877626439,13.5532448906418,1026.0,2789.0,5.38821373529585,56.0,7.01301014516599,7.24909167480524,4.09656181419166,378.0,388.0,"Hallam",522.0,22.945558739255,75.0548646671543,739.0,1367.0
927.0,141.0,3.77369660003848,2351.0,4086.0,212021298,22.8073187845193,9.57091678879661,10.3803259937089,2156.0,6994.0,4.08654343326609,90.0,5.04424202748025,5.35440577674279,3.45092024539877,726.0,751.0,"Narre Warren",984.0,19.0747397413753,82.6687116564417,1411.0,2608.0
133.077199343275,16.7242440826378,1.61178649282477,398.753762484608,1021.37347790395,212021299,16.0404569630608,6.45722907880992,6.33409494795633,784.128129703106,1882.19421261458,1.9586172315693,112.769188671501,2.79730717431821,2.66171059674803,9.56239870340357,119.219968531947,93.1779313175537,"Narre Warren North",126.626419482829,16.8892225031606,66.4910858995138,227.449719523875,1179.29812559858
927.493459036761,166.036980194402,5.93689868418228,2003.33143316524,3438.46254476358,212031300,24.284420109828,10.3508895295689,13.1955922865014,1516.10816341446,4940.28064021048,5.28842030019339,48.3140393188628,6.53501076080108,6.99049573679235,2.64136904761905,651.899291091135,750.568808009939,"Cranbourne",992.139004604254,21.0901957510748,82.8869047619048,1253.44310458233,1829.12869984653
208.154265053787,37.0133464268178,3.37719581136851,598.443512029639,1322.58581439986,212031301,20.514482872905,6.78945617828039,11.2846668791839,889.419720573138,2299.22510378074,2.68557022773721,86.4866312547427,3.22495536861466,3.70756312624186,7.13422007255139,259.459893764228,173.339731285988,"Cranbourne East",239.304111056555,16.9683577037002,73.3675937122128,484.105253760657,1212.27871267241
625.0,118.0,2.90008775915982,2363.0,2710.0,212031307,18.4546422933101,8.37023130601112,10.4877729828691,1291.0,7647.0,2.9780801589974,120.0,3.16010203628756,4.12077305531898,6.59703133589885,802.0,589.0,"Narre Warren South",815.0,12.2253800694726,70.9730621220451,1560.0,1819.0
189.569968307816,33.708744364594,3.37719581136851,545.013658884971,1204.50354863188,212031308,20.514482872905,6.78945617828039,11.2846668791839,810.011114582868,2093.94714993528,2.68557022773721,78.7649868321207,3.22495536861466,3.70756312624186,7.13422007255139,236.294960496362,157.863723608445,"Pearcedale - Tooradin",217.938713565148,16.9683577037002,73.3675937122128,440.883676293354,1104.04481542651
532.845278481556,30.047666079787,1.93334894129292,920.960965345472,2545.03731695796,212041309,22.2414488408205,8.87077323814577,8.18695106649937,1681.66771159875,3193.06531541203,3.24303251927749,88.6406149353717,6.3429900744692,4.29224892257314,4.19630156472262,261.414694894147,272.432172456736,"Clarinda - Oakleigh South",360.571992957444,23.8883143743537,79.6111901375059,440.699102503543,2112.35092540903
1304.87883959044,137.59180887372,4.91468949602673,2388.41433447099,5233.72320819113,212041312,38.0144046542605,12.1861884776803,15.2485361903575,2923.82593856655,6002.44266211604,5.89260903284712,145.069624573379,8.66268134988898,7.62018101551839,4.07648665686069,915.284641638225,887.616723549488,"Dandenong North",1147.84470989761,27.6367226061204,82.1601176717798,1724.3843003413,3558.69249146758
279.933659631512,14.8801945319076,0.731931196550803,879.791501699037,2402.68641082395,212051323,11.1428970569677,6.89127663449281,4.45179063360882,1954.42055055024,4219.93016803317,1.61755168972514,548.24216728497,2.79817849774291,2.27293901228618,17.1067904817179,187.862455965333,161.822115534495,"Mount Waverley - North",227.387972690713,17.9266557957187,60.9837492745212,307.834024378838,3204.8218973096
1982.0,350.0,9.3060083677394,4368.0,6652.0,212041311,35.773692304707,17.3202743962885,17.1013118381539,3262.0,6327.0,10.3338247079421,123.0,10.1949430418822,13.3686462996225,3.13935681470138,1082.0,2009.0,"Dandenong",2599.0,28.1054588473889,83.256763654926,2067.0,3918.0
774.0,69.0,2.35829433903264,1995.0,3764.0,212041314,25.7950199077818,10.1531884574279,11.7860380779692,2257.0,5515.0,4.08953331305372,123.0,5.13847205244088,5.11191664131716,4.26935091981951,650.0,616.0,"Keysborough",770.0,20.6156205498959,78.340853870184,1183.0,2881.0
895.261626087501,77.3377354947737,2.78482575971693,2461.81479626964,4349.47424422607,212041317,34.2996249011809,13.840481408049,14.2481472627301,2549.05176190774,5176.05996119422,5.82629181852002,87.855667522063,6.42579593094395,7.40276559563481,2.89618600856618,737.492645678162,811.736871753145,"Springvale",1031.3760405583,25.2695902228613,84.0301856006527,1322.16592601865,3033.49533704701
1714.0,149.0,4.28557898957262,3217.0,6757.0,212041315,38.5221600973861,12.4103078466168,16.0362064306944,3787.0,7402.0,5.79744994412576,180.0,8.42104169850132,7.38437903900086,3.98494576046048,1187.0,1180.0,"Noble Park",1503.0,26.8411853499642,83.8388310825769,2145.0,4517.0
440.121160409556,46.4081911262799,4.91468949602673,805.58566552901,1765.27679180887,212041316,38.0144046542605,12.1861884776803,15.2485361903575,986.174061433447,2024.55733788396,5.89260903284712,48.9303754266212,8.66268134988898,7.62018101551839,4.07648665686069,308.715358361775,299.383276450512,"Noble Park North",387.155290102389,27.6367226061204,82.1601176717798,581.615699658703,1200.30750853242
551.738373912499,47.6622645052263,2.78482575971693,1517.18520373036,2680.52575577392,212041318,34.2996249011809,13.840481408049,14.2481472627301,1570.94823809226,3189.94003880578,5.82629181852002,54.144332477937,6.42579593094395,7.40276559563481,2.89618600856618,454.507354321838,500.263128246855,"Springvale South",635.623959441697,25.2695902228613,84.0301856006527,814.834073981348,1869.50466295299
590.641670777833,47.2156991722853,1.96192357532405,1055.22633338815,2794.63487365017,212051319,13.8298166202699,6.99253224711473,6.19384843039848,1882.83736227594,4214.22386668859,2.59813800938802,208.461766156882,4.91459486511914,3.43576880842039,8.19040952047602,261.022638820369,312.247218111056,"Ashwood - Chadstone",412.914652195363,18.9770424367079,73.9761988099405,424.941292550567,2545.19344406074
373.0,42.0,0.687977082481494,1530.0,2247.0,212051320,18.9176364478359,8.66364665911665,7.30580421599769,1618.0,3463.0,2.15291434904749,135.0,2.40430255148118,2.81039118618175,6.2097516099356,253.0,334.0,"Clayton",436.0,12.6377952755906,74.42502299908,406.0,2174.0
338.194531622687,13.007481985488,0.466725113890351,1205.53343041502,3339.28077531447,212051321,11.9829769643265,7.0442660829381,4.41099704193492,2773.71545858545,5980.31991764795,1.62294656838859,724.25659695197,2.50573698207264,2.28214814367231,15.5409177179859,263.791734665696,219.045996635617,"Glen Waverley - East",308.017173416355,18.0911038448529,59.517695657028,433.409299756459,4660.32064576063
413.380787645643,35.8126919990037,1.39028837627089,1242.18880247973,3172.49290122603,212051322,13.6509738388115,7.50703397953189,5.45580110497238,2460.33194033155,5185.67780145573,2.21379756627958,384.21902416074,3.16033292147332,3.03517122161299,10.9204595026901,282.920266792129,289.57119530623,"Glen Waverley - West",397.009271303241,18.8194233687405,69.9287480005816,473.239144272549,3518.34118395926
341.36447199658,51.1718683197948,5.19637079265491,940.775117571612,1743.56113723814,213011328,46.7829237654854,14.3529176258633,18.7374867506772,1002.8811457888,1856.83903377512,8.81042642713664,42.4245404018811,6.59619935384187,10.7499879283624,3.61940298507463,347.924967935015,455.954467721248,"Ardeer - Albion",556.330055579307,27.1606199965934,85.5597014925373,645.334117144079,1172.14194100043
322.066340368488,17.1198054680924,0.731931196550803,1012.20849830096,2764.31358917604,212051324,11.1428970569677,6.89127663449281,4.45179063360882,2248.57944944976,4855.06983196683,1.61755168972514,630.757832715029,2.79817849774291,2.27293901228618,17.1067904817179,216.137544034667,186.177884465505,"Mount Waverley - South",261.612027309287,17.9266557957187,60.9837492745212,354.165975621162,3687.1781026904
1478.0,227.0,9.24964794982137,2123.0,5838.0,214011372,41.5924145591707,13.2035574351639,16.4018049833235,3033.0,5097.0,9.24696070517871,138.0,11.8637221547345,11.6148890107583,4.02449693788276,836.0,1152.0,"Frankston North",1447.0,36.2879164594729,88.4514435695538,1506.0,3429.0
394.619212354358,34.1873080009963,1.39028837627089,1185.81119752027,3028.50709877397,212051325,13.6509738388115,7.50703397953189,5.45580110497238,2348.66805966845,4950.32219854427,2.21379756627958,366.78097583926,3.16033292147332,3.03517122161299,10.9204595026901,270.079733207871,276.42880469377,"Mulgrave",378.990728696759,18.8194233687405,69.9287480005816,451.760855727451,3358.65881604074
735.358329222167,58.7843008277147,1.96192357532405,1313.77366661185,3479.36512634983,212051326,13.8298166202699,6.99253224711473,6.19384843039848,2344.16263772406,5246.77613331141,2.59813800938802,259.538233843118,4.91459486511914,3.43576880842039,8.19040952047602,324.977361179631,388.752781888944,"Oakleigh - Huntingdale",514.085347804637,18.9770424367079,73.9761988099405,529.058707449433,3168.80655593926
244.0,27.0,2.11566128866509,979.0,1020.0,213011329,24.355731539358,10.5246183616427,13.646147223418,342.0,2323.0,5.14195553292763,null,3.57446481491266,6.41645733168747,null,317.0,351.0,"Cairnlea",438.0,13.6,66.023166023166,603.0,518.0
311.805468377313,11.992518014512,0.466725113890351,1111.46656958498,3078.71922468553,212051327,11.9829769643265,7.0442660829381,4.41099704193492,2557.28454141455,5513.68008235206,1.62294656838859,667.74340304803,2.50573698207264,2.28214814367231,15.5409177179859,243.208265334304,201.954003364383,"Wheelers Hill",283.982826583645,18.0911038448529,59.517695657028,399.590700243541,4296.67935423937
920.0,146.0,5.08420259389997,2586.0,3887.0,213011330,24.6138869388715,11.0673628348883,12.9091824743999,1687.0,5957.0,5.85651869882001,68.0,5.27201291870295,7.36362673971009,3.4,769.0,1022.0,"Deer Park - Derrimut",1285.0,19.7149523229864,84.35,1456.0,2000.0
397.0,54.0,4.08562286833822,1007.0,1562.0,213011331,22.0939252264085,12.7034186955973,10.0591715976331,703.0,2197.0,6.33903130808987,null,6.55363393049916,7.75871019479749,null,221.0,384.0,"Delahey",470.0,22.2951755638025,86.576354679803,413.0,812.0
1192.53080554099,131.661925770524,5.34036803268171,2462.54407182303,4887.80335050751,213011334,47.4171923359369,14.3692422748751,19.6134821120442,2328.55184648135,5064.32354302286,9.42377178829515,53.0143152438836,9.01844827051901,11.2433219278771,1.91619288271215,993.290192206831,1246.12769567766,"St Albans - North",1486.7311263999,30.135411802737,84.1650873868183,1856.08360842872,2766.64816585938
598.0,67.0,3.36961424452076,1316.0,2708.0,213011332,27.9434692363322,10.9003561666529,9.46480358555233,1479.0,3793.0,4.98320340376114,67.0,6.20824090718575,6.26014927597493,3.65521003818876,359.0,480.0,"Keilor Downs",603.0,23.2626063053002,80.6873977086743,682.0,1833.0
854.469194459013,94.3380742294758,5.34036803268171,1764.45592817697,3502.19664949249,213011333,47.4171923359369,14.3692422748751,19.6134821120442,1668.44815351865,3628.67645697714,9.42377178829515,37.9856847561164,9.01844827051901,11.2433219278771,1.91619288271215,711.709807793169,892.87230432234,"Kings Park (Vic.)",1065.2688736001,30.135411802737,84.1650873868183,1329.91639157128,1982.35183414062
829.620636990128,114.118122555411,5.30572750266912,2391.6501769417,4187.9539579065,213011335,45.6541283257519,16.3941889822441,19.5715112912565,2306.51443471782,4171.04756937977,9.98274292645242,57.3609610728255,7.36642791672697,11.730527133769,2.1709323583181,816.337046004843,1124.27483702738,"St Albans - South",1321.11350344571,29.6372259966671,87.2943327239488,1518.55596945427,2642.22700689141
544.379363009872,74.8818774445893,5.30572750266912,1569.3498230583,2748.0460420935,213011337,45.6541283257519,16.3941889822441,19.5715112912565,1513.48556528218,2736.95243062023,9.98274292645242,37.6390389271745,7.36642791672697,11.730527133769,2.1709323583181,535.662953995157,737.725162972621,"Sunshine North",866.886496554293,29.6372259966671,87.2943327239488,996.444030545725,1733.77299310859
421.306968790081,63.1555609845477,5.19637079265491,1161.09069810053,2151.87729799059,213011336,46.7829237654854,14.3529176258633,18.7374867506772,1237.74103707323,2291.68319794784,8.81042642713664,52.3597385940268,6.59619935384187,10.7499879283624,3.61940298507463,429.403835582972,562.732242105906,"Sunshine",686.614304037134,27.1606199965934,85.5597014925373,796.461796860685,1446.64020032981
798.328559213339,119.672570695657,5.19637079265491,2200.13418432786,4077.56156477127,213011338,46.7829237654854,14.3529176258633,18.7374867506772,2345.37781713797,4342.47776827704,8.81042642713664,99.2157210040921,6.59619935384187,10.7499879283624,3.61940298507463,813.671196482013,1066.31329017285,"Sunshine West",1301.05564038356,27.1606199965934,85.5597014925373,1509.20408599524,2741.21785866976
595.0,71.0,4.91767508432674,1240.0,3617.0,213021343,33.8431818459695,11.1822526828388,13.040901007706,2489.0,3374.0,5.80767181400796,144.0,7.00925908587168,7.33910657226564,4.89962572303505,440.0,493.0,"Altona North",623.0,31.2294940424797,84.6886696155155,880.0,2939.0
138.0,null,null,382.0,598.0,213021345,21.6563348144055,7.99665061754239,10.8266276517922,301.0,1367.0,3.5552000148831,22.0,3.89379049249101,4.57097144770684,5.51378446115288,148.0,126.0,"Seabrook",162.0,14.8682247637991,75.4385964912281,267.0,399.0
410.395728846465,29.5866688238149,1.8472512371232,775.93425012134,1963.21863776088,213021346,10.5284225104177,5.62279549069784,5.04088856340779,1280.81643746967,3909.73512376638,2.59093714154985,176.565604271154,3.86841309328624,3.41409946256309,9.39324701700939,197.085390713477,274.869697459958,"Williamstown",362.198090923799,15.4941247363664,68.1391216044681,335.95185245106,1879.70787898398
449.604271153535,32.4133311761851,1.8472512371232,850.06574987866,2150.78136223912,213021344,10.5284225104177,5.62279549069784,5.04088856340779,1403.18356253033,4283.26487623362,2.59093714154985,193.434395728846,3.86841309328624,3.41409946256309,9.39324701700939,215.914609286523,301.130302540042,"Newport",396.801909076201,15.4941247363664,68.1391216044681,368.04814754894,2059.29212101602
864.0,125.0,4.83775830614321,2292.0,3307.0,213031347,37.6148114154407,14.6201441602347,18.825747374091,1574.0,3713.0,8.64853997601811,38.0,7.05603261499495,10.6412158534009,2.11581291759465,699.0,1059.0,"Braybrook",1303.0,23.2331038358859,87.6391982182628,1291.0,1796.0
393.642042884285,41.0432461775084,3.23346931678136,938.397855785759,1926.54510087759,213031352,13.8492999067464,7.04646275974784,6.36456211812627,1254.92834524563,3664.04252239211,3.34379605550328,69.649145028499,3.75954334481985,4.3178325619021,4.77001703577513,233.200262372207,350.111327241473,"Yarraville",452.097575318918,15.991328137098,85.9454855195911,394.263910250611,1460.14457613318
606.820765586993,68.1757777493279,3.55318803186006,1506.06490846242,2256.56189988478,213031348,23.9070221282516,11.2462133961629,10.2251753414544,1228.29087184739,3052.6972218666,5.91118877254267,49.582383817693,5.40896372814652,7.3676414012915,3.33965844402277,312.143643579567,663.164383561644,"Footscray",826.560875688132,17.6183353862397,82.7324478178368,519.488157726283,1484.65433363206
637.0,115.0,5.19491818882607,1327.0,3177.0,213041353,21.330081615671,8.01376894740021,10.5734384992539,1826.0,4691.0,3.78004834268297,151.0,5.24594944289553,5.04829985635002,6.37130801687764,496.0,459.0,"Bacchus Marsh",613.0,21.4386935690667,77.0464135021097,942.0,2370.0
545.0,86.0,2.70882076460272,2124.0,2665.0,213041354,21.7774434602059,7.59792523698802,13.109243697479,1226.0,7140.0,3.26139501097953,70.0,2.75575237361836,4.12098749449351,4.34512725015518,936.0,645.0,"Caroline Springs",815.0,12.2113269794721,76.1018001241465,1781.0,1611.0
324.825491018157,50.1273905892218,2.60301413511102,1189.02170477634,1452.69177927565,213041355,16.1830077113362,7.29666543620032,10.0722834459059,691.757990131261,4230.25049182443,2.68998572909217,39.6006385654852,2.8575586105766,3.62486601526846,4.82001220256254,426.082820008385,305.777082594253,"Hillside",412.047150643403,11.6465056464253,84.1976815131177,797.526784274519,821.587931757345
1070.48881453419,205.580842297376,7.93292609376238,1953.99695821696,3913.86765478528,213041356,38.8790150007425,10.7505453370318,19.3857157883665,1656.88369327766,4653.46920885988,6.15876471399318,63.6321654729973,7.81730611114514,7.86377386580673,3.04449648711944,902.108315128723,843.370931615187,"Melton",1076.85203108149,24.4227244960293,79.2740046838407,1742.54237756823,2090.07189668999
955.705030003042,183.537317147361,7.93292609376238,1744.47850012444,3494.20092359594,213041357,38.8790150007425,10.7505453370318,19.3857157883665,1479.22337748528,4154.49827171418,6.15876471399318,56.8091695932306,7.81730611114514,7.86377386580673,3.04449648711944,805.379227387108,752.939993916434,"Melton South",961.385946962365,24.4227244960293,79.2740046838407,1555.69725963001,1865.9627243315
206.0,24.0,1.47072593979838,934.0,1033.0,213031349,18.8535289355344,8.71756580175471,8.24027724297266,644.0,2597.0,2.62206590963031,68.0,2.33829254278721,3.65500096493922,7.1654373024236,214.0,231.0,"Maribyrnong",322.0,10.4734867687316,67.8609062170706,359.0,949.0
239.357957115715,24.9567538224916,3.23346931678136,570.602144214241,1171.45489912241,213031350,13.8492999067464,7.04646275974784,6.36456211812627,763.071654754365,2227.95747760789,3.34379605550328,42.350854971501,3.75954334481985,4.3178325619021,4.77001703577513,141.799737627793,212.888672758527,"Seddon - Kingsville",274.902424681082,15.991328137098,85.9454855195911,239.736089749389,887.855423866824
450.762912589152,108.283828163875,3.80684734476337,1934.62909271853,2011.43506385802,213051361,26.8540825875839,9.22296587532639,14.5030425963489,817.794725493448,4965.94672416653,3.64943096741325,64.8443854702272,2.91303519806899,4.80081219793493,6.09107037256061,720.213368717864,564.712755017416,"Hoppers Crossing - North",742.877425775419,11.9341102644554,76.8184506209344,1477.5706087245,1064.5811245646
699.441866859126,139.504416262845,5.35851777617122,1873.07076330893,3414.0186273499,213051362,34.9983403126484,10.8907575532073,13.1771227009322,2038.17232017046,5079.75255180946,5.17580305652219,203.497267759563,5.22359440515121,6.77681323559415,7.56962627945727,669.365226655669,693.042581709455,"Hoppers Crossing - South",907.418634223459,20.8871662360034,75.8152820756963,1332.97109667663,2688.33969137712
290.0,55.0,7.20112279115331,721.0,1050.0,213051363,21.8438205328327,12.0226780056695,12.4622356495468,453.0,1324.0,8.35353402023433,null,6.2597541753694,9.99402132136562,null,165.0,387.0,"Laverton",463.0,20.3094777562863,94.5720250521921,298.0,479.0
374.0,91.0,2.65213268298198,2345.0,1911.0,213051364,15.8550599400591,5.97421787424845,11.1221231141945,868.0,9081.0,1.970285117158,95.0,1.36460487743906,2.69637166959216,7.71103896103896,1010.0,540.0,"Point Cook",739.0,6.57175281130713,70.4545454545455,1878.0,1232.0
408.0,128.0,3.89335924692572,2320.0,2169.0,213051365,22.071661237785,8.6104513064133,14.218487394958,853.0,5950.0,3.13587307770626,74.0,2.13952544432133,4.30002662829287,6.05069501226492,846.0,598.0,"Tarneit",820.0,10.4995643334301,69.7465249386754,1738.0,1223.0
265.237087410848,63.7161718361254,3.80684734476337,1138.37090728147,1183.56493614198,213051366,26.8540825875839,9.22296587532639,14.5030425963489,481.205274506552,2922.05327583347,3.64943096741325,38.1556145297728,2.91303519806899,4.80081219793493,6.09107037256061,423.786631282136,332.287244982584,"Truganina",437.122574224581,11.9341102644554,76.8184506209344,869.429391275502,626.418875435396
1312.0,297.0,7.00196439625726,3286.0,5609.0,213051367,24.7602992441512,11.5367061053962,11.6520857106631,2792.0,7887.0,6.63121768795053,156.0,6.08402629831545,8.37481059051655,4.41551089725446,919.0,1430.0,"Werribee",1806.0,21.9530332681018,79.0263232380413,1713.0,3533.0
393.558133140874,78.495583737155,5.35851777617122,1053.92923669107,1920.9813726501,213051368,34.9983403126484,10.8907575532073,13.1771227009322,1146.82767982954,2858.24744819054,5.17580305652219,114.502732240437,5.22359440515121,6.77681323559415,7.56962627945727,376.634773344331,389.957418290545,"Werribee - South",510.581365776541,20.8871662360034,75.8152820756963,750.028903323367,1512.66030862288
542.0,147.0,6.31716728350191,1864.0,2347.0,213051369,27.9779423129691,9.25107945803762,17.1822033898305,856.0,4720.0,4.52843762636825,42.0,3.82903774335662,5.77181519616671,3.47682119205298,811.0,641.0,"Wyndham Vale",817.0,14.9920153305653,70.8609271523179,1677.0,1208.0
899.66684682122,149.581851799175,6.56021868954646,1710.12851656948,3812.43345185607,214011370,28.6174969315034,9.68427537347913,13.296308395949,2131.67737163988,4994.94598207936,5.01118471192296,93.0127151187598,6.59912381649727,6.87441979191343,3.50051177072671,664.143421988337,683.181112217323,"Carrum Downs",937.19829327265,23.0619899973677,80.2251791197544,1152.05222585692,2657.11762195989
1495.0,217.0,7.66561089022171,2087.0,5292.0,214011371,31.2580975747545,11.0370722936168,12.9693451841103,2804.0,5513.0,6.81385456671765,213.0,9.99677387364366,8.71959406771326,5.84201865057597,715.0,1019.0,"Frankston",1304.0,28.1145407214578,76.9061985737795,1236.0,3646.0
341.0,44.0,2.06067518522754,938.0,2863.0,214011373,27.6589271720944,6.28812763960582,11.8969746524939,2320.0,4892.0,2.28800026098916,349.0,3.02406236045467,3.17482206757411,9.76496922216004,582.0,258.0,"Frankston South",358.0,18.9602649006623,64.9132624510353,1007.0,3574.0
754.33315317878,125.418148200825,6.56021868954646,1433.87148343052,3196.56654814393,214011375,28.6174969315034,9.68427537347913,13.296308395949,1787.32262836012,4188.05401792064,5.01118471192296,77.9872848812402,6.59912381649727,6.87441979191343,3.50051177072671,556.856578011663,572.818887782677,"Seaford (Vic.)",785.80170672735,23.0619899973677,80.2251791197544,965.947774143081,2227.88237804011
247.724521907528,38.6271483902203,2.7449622131253,723.700375211813,1310.7691842169,214011376,19.079284320206,7.02031462901028,9.27471116816431,804.146998305495,2984.18663761801,2.6444417226166,70.8696441539579,3.21643695415435,3.57704264360207,6.59928656361474,276.774691358025,203.670418784798,"Skye - Sandhurst",275.497760832728,14.6705731027583,74.8810939357907,497.364439603002,1073.89857177439
372.0,36.0,4.56544919459175,615.0,2721.0,214021377,27.6215426456427,8.659532526049,10.4043973301924,2076.0,2547.0,4.7614377665088,269.0,6.8653288726406,6.0717559115558,9.61744726492671,265.0,258.0,"Dromana",329.0,32.7043269230769,74.2223811226314,465.0,2797.0
88.9499085597038,7.84852134350328,1.44635438590387,249.487845131362,809.111200321156,214021378,10.592572670503,5.53182513315404,5.20713934828885,652.378607431197,1452.45211650832,1.91906388184079,163.629778313038,2.72901099546942,2.6049650411299,13.7737737737738,75.6312056737589,62.5503367679201,"Flinders",84.9067308978991,17.8704627830015,54.9149149149149,132.473526919131,1187.98073063027
979.0,158.0,5.21006482754569,1685.0,4418.0,214021379,29.5234309334968,9.45885258785225,13.1203007518797,2605.0,5320.0,5.14845122466273,276.0,7.16974928726147,6.62780705308644,7.99768183135323,698.0,703.0,"Hastings - Somers",905.0,25.4801314954726,75.4853665604173,1228.0,3451.0
756.888693820225,95.595154494382,3.87270273608237,1471.60305477528,4620.05758426966,214021380,19.9084339040846,7.7982061444024,8.72568623886566,3308.71699438202,6186.69346910112,3.53380540933902,379.006671348315,5.29677291867519,4.68681764200754,8.28416912487709,539.831460674157,504.967345505618,"Mornington",669.728405898876,24.1072738475984,72.3205506391347,912.090238764045,4575.07162921348
265.0,null,null,697.0,2165.0,214021381,7.25871476951359,4.77201150212242,3.42237061769616,1790.0,4792.0,1.20946096052691,569.0,2.48455158557854,1.66886861219992,15.849582172702,164.0,129.0,"Mount Eliza",178.0,14.8868871622086,49.8607242339833,286.0,3590.0
285.050091440296,25.1514786564967,1.44635438590387,799.512154868638,2592.88879967884,214021382,10.592572670503,5.53182513315404,5.20713934828885,2090.6213925688,4654.54788349168,1.91906388184079,524.370221686962,2.72901099546942,2.6049650411299,13.7737737737738,242.368794326241,200.44966323208,"Mount Martha",272.093269102101,17.8704627830015,54.9149149149149,424.526473080869,3807.01926936973
681.0,54.0,4.35831376393607,1148.0,4373.0,214021383,30.3282880247097,9.70906630581867,11.3614800759013,3179.0,4216.0,4.73980183879318,506.0,7.52402110074162,6.49651161121303,10.474021941627,479.0,429.0,"Point Nepean",588.0,31.18448263567,65.8041813289174,841.0,4831.0
1188.0,140.0,8.09609092169747,1508.0,7071.0,214021384,33.6257676201832,10.8092609848756,11.9225608587311,5175.0,5217.0,7.11808122115517,358.0,11.0684299616915,9.07462187094913,5.39075440445716,622.0,764.0,"Rosebud - McCrae",974.0,40.2332859174964,77.9250112934799,1082.0,6641.0
589.111306179775,74.404845505618,3.87270273608237,1145.39694522472,3595.94241573034,214021385,19.9084339040846,7.7982061444024,8.72568623886566,2575.28300561798,4815.30653089888,3.53380540933902,294.993328651685,5.29677291867519,4.68681764200754,8.28416912487709,420.168539325843,393.032654494382,"Somerville",521.271594101124,24.1072738475984,72.3205506391347,709.909761235955,3560.92837078652
